score_eko,score_geo,score_kmb,score_kpu,score_kua,score_mat,score_ppu,score_sej,score_sos
778,486,679,594,643,686,559,392,676
579,631,710,700,810,656,638,535,686
600,481,314,432,522,494,461,467,574
559,563,646,638,591,538,585,647,589
838,734,654,613,690,315,628,660,674
424,381,526,452,503,561,637,488,435
686,663,763,556,558,537,597,612,569
503,583,529,563,513,422,601,499,485
580,485,517,544,608,467,454,469,501
758,678,614,658,498,324,503,537,704
560,709,610,622,642,614,662,611,687
653,731,773,601,669,510,437,658,757
665,689,511,604,682,503,645,515,654
759,622,547,598,503,391,496,297,440
661,453,653,556,576,535,448,575,626
547,628,652,670,507,709,675,501,610
569,455,611,499,659,640,558,542,516
436,606,516,485,471,568,529,407,638
430,450,556,530,545,447,585,509,565
653,602,576,594,636,522,580,655,511
696,639,676,638,776,726,593,755,726
822,584,375,578,732,866,607,740,541
642,564,549,713,549,711,545,595,380
680,487,871,643,744,677,323,436,588
681,642,707,620,564,518,652,570,407
614,560,590,606,658,670,593,497,537
413,345,439,435,563,592,340,510,460
516,457,542,486,530,387,557,490,525
513,525,544,471,490,566,523,402,501
619,459,460,596,462,324,610,450,724
597,543,519,617,541,629,588,588,554
399,621,543,424,535,635,447,590,360
614,628,399,641,650,507,398,496,656
613,498,494,377,452,436,665,492,696
482,567,759,464,591,592,484,536,601
367,655,618,531,572,426,535,643,599
729,708,506,550,571,748,596,454,647
600,592,632,646,575,844,496,561,421
614,556,673,642,481,689,566,597,577
469,391,381,445,632,465,459,455,517
704,688,570,558,458,429,485,536,577
484,519,558,492,492,474,508,555,541
524,694,436,615,630,622,511,499,747
600,399,466,575,636,563,537,561,551
479,635,535,507,448,567,477,480,774
619,607,871,642,563,422,580,491,405
537,627,469,553,538,418,611,510,381
443,651,513,393,464,420,476,583,521
734,676,508,601,501,545,495,623,778
540,676,627,499,445,569,471,573,601
713,637,572,505,493,446,648,570,812
762,639,665,646,536,697,620,621,618
601,555,667,630,765,658,659,581,598
637,611,633,683,538,622,640,591,784
663,527,528,446,504,455,551,756,571
634,462,595,631,548,752,583,522,556
560,472,516,515,489,466,551,547,446
649,667,595,597,712,693,603,604,576
583,638,470,572,414,493,429,756,713
645,601,518,560,556,513,590,469,542
674,621,652,524,494,534,513,515,570
739,529,562,604,535,571,443,673,621
432,542,671,431,439,569,580,552,721
622,680,628,688,578,477,598,483,655
615,633,313,571,505,377,400,454,633
493,607,514,545,510,527,552,433,604
547,531,644,590,638,477,573,345,483
614,610,552,487,593,286,607,572,684
680,663,637,534,637,436,578,443,443
570,620,711,625,598,499,724,713,592
345,382,644,463,490,477,580,547,545
552,565,435,463,282,446,540,518,599
452,534,407,424,485,692,479,441,697
368,520,390,465,427,275,344,373,629
636,684,487,528,656,771,506,506,594
508,487,456,512,492,436,570,430,478
680,609,547,530,508,680,606,693,635
463,570,496,523,500,468,592,595,626
678,519,631,629,672,622,528,559,636
518,621,604,559,650,573,638,618,604
602,559,728,635,613,512,614,594,585
330,578,531,459,375,494,472,517,523
526,592,425,668,646,644,698,501,736
554,581,455,581,619,526,426,398,568
612,648,566,490,476,521,515,710,608
588,584,608,558,606,465,454,374,535
574,609,519,573,357,417,351,555,549
490,434,424,412,531,676,458,501,516
389,593,464,526,368,591,513,424,505
412,625,592,635,547,665,554,577,491
726,543,546,524,556,729,580,534,691
491,635,654,585,694,443,537,481,541
515,442,478,466,400,418,538,536,440
586,562,544,568,432,734,472,355,660
377,372,498,583,623,804,539,395,596
679,605,317,518,412,389,454,639,563
475,541,541,557,548,436,619,668,479
454,355,481,556,574,456,592,633,616
558,643,806,581,498,698,535,427,620
673,556,655,630,793,614,637,857,599
723,621,510,533,637,708,587,625,631
499,518,446,252,286,540,432,462,319
542,676,383,580,563,577,591,514,416
496,558,488,498,426,489,517,477,471
561,637,475,575,596,562,519,529,531
505,711,676,554,546,626,541,581,697
805,752,615,729,821,584,633,615,822
694,575,535,591,590,446,721,454,425
434,506,409,468,378,438,533,321,438
398,573,621,587,381,314,612,523,566
489,544,694,474,496,569,548,552,518
477,706,526,610,504,758,568,461,515
716,758,633,573,582,576,559,507,392
432,458,485,485,646,541,443,516,438
819,738,585,750,844,553,636,705,717
625,604,490,581,375,693,589,603,529
566,668,603,601,556,573,666,516,648
653,530,489,614,340,286,513,604,688
787,773,579,544,781,712,537,610,591
566,490,468,484,512,520,402,393,485
542,418,764,486,471,574,619,598,598
484,552,663,558,699,631,548,551,372
549,600,549,639,468,590,699,615,668
819,675,593,645,662,537,754,687,673
442,719,740,536,451,755,576,503,608
495,597,648,600,712,529,560,552,571
483,443,630,640,388,485,504,612,445
544,552,604,462,376,522,577,570,619
836,668,513,740,743,604,588,670,681
697,597,475,502,526,458,557,437,702
816,497,549,568,564,676,424,541,529
479,458,480,418,582,465,509,573,487
588,722,641,608,564,570,540,584,502
488,438,548,572,507,500,511,568,513
537,502,601,523,518,652,548,669,585
487,707,585,611,477,273,544,469,560
526,438,660,496,574,639,607,596,479
550,528,490,580,461,512,594,563,627
502,581,550,581,767,678,581,694,581
720,617,579,600,607,1091,505,462,622
366,563,654,554,610,553,467,555,559
651,612,448,553,798,323,430,602,545
413,470,725,433,508,490,320,425,390
647,592,592,732,713,644,653,658,754
627,618,520,621,545,634,559,635,525
851,599,542,636,648,420,526,694,604
502,377,438,383,520,391,557,523,575
508,597,731,684,607,475,467,579,604
664,662,635,629,556,765,651,597,445
488,406,459,407,459,492,467,457,444
525,574,516,576,514,600,563,468,560
812,793,520,618,632,430,523,569,722
672,626,394,495,473,421,510,619,533
777,513,624,581,528,614,498,704,423
624,565,489,563,582,712,453,425,503
678,757,796,707,615,479,485,676,734
542,511,706,510,534,622,577,515,403
470,473,416,423,443,557,406,568,468
474,633,601,548,509,368,661,422,540
518,495,536,442,468,570,352,635,456
584,668,618,597,588,625,456,521,703
650,569,650,512,496,620,580,546,577
614,692,769,646,547,478,510,549,534
441,609,616,610,578,530,668,353,555
455,520,606,529,439,565,370,600,621
655,519,655,688,587,567,553,696,577
619,475,501,638,530,414,647,514,573
595,744,503,657,717,532,588,563,579
564,664,679,569,435,502,461,639,691
623,498,576,587,736,531,500,579,480
495,480,487,549,527,548,527,416,446
584,614,611,573,544,742,667,626,509
578,488,617,618,610,394,639,644,569
537,568,691,572,408,492,574,474,445
731,559,618,451,607,413,495,625,718
501,641,528,488,498,730,500,481,537
671,540,350,518,629,468,537,618,665
758,694,692,710,626,552,535,734,837
539,716,520,588,544,395,366,691,466
795,784,670,538,561,677,509,534,636
653,512,558,542,456,644,656,620,556
516,512,614,576,519,561,344,543,536
488,341,436,432,555,404,509,341,328
520,334,538,486,469,387,501,469,368
564,539,344,472,382,441,441,532,404
561,520,471,510,582,507,562,593,591
502,463,505,565,473,592,430,434,456
508,489,524,491,489,532,541,525,487
398,628,661,547,424,361,524,504,458
627,575,558,530,446,430,516,564,484
549,602,634,554,624,554,600,802,785
519,509,449,408,542,640,513,475,489
541,582,609,601,671,561,504,557,573
665,574,796,657,625,587,710,622,477
667,597,540,587,559,598,651,615,624
674,463,558,585,455,460,406,591,480
767,463,715,670,619,477,561,688,614
650,716,631,575,530,566,428,571,794
574,690,620,562,464,326,609,359,627
531,339,420,441,471,684,443,410,429
473,510,739,568,534,641,519,535,612
589,541,475,629,648,454,554,302,745
417,451,379,431,522,571,427,413,487
540,467,622,465,467,622,542,598,472
688,591,590,568,477,517,559,566,444
633,682,611,588,594,465,608,542,857
539,598,650,507,440,603,451,553,620
548,631,575,451,476,440,605,500,558
538,528,444,514,482,411,618,511,543
661,719,650,501,474,504,474,678,657
568,722,809,567,423,462,422,556,583
548,543,543,524,548,429,430,602,572
415,479,597,571,504,427,659,396,391
635,560,561,636,687,444,591,701,653
632,684,452,511,607,586,455,489,513
614,582,579,576,570,487,627,549,809
434,448,513,351,582,611,325,323,599
635,377,449,402,545,533,450,589,386
724,564,711,812,644,581,662,661,661
630,671,583,620,595,482,524,492,580
564,486,561,543,530,399,748,537,673
656,641,480,614,871,666,562,525,651
407,470,541,464,459,488,430,556,640
605,695,624,609,456,386,654,484,437
639,470,524,555,608,603,558,494,499
683,543,577,616,476,559,571,736,626
614,689,388,598,545,668,622,435,519
602,617,583,558,573,561,555,626,541
499,508,719,540,379,369,556,494,425
599,559,450,480,481,489,456,727,554
502,452,464,595,444,483,469,566,543
469,565,553,552,495,678,517,432,713
542,728,484,541,538,471,470,582,631
657,619,386,586,653,918,704,547,673
771,627,492,595,518,478,532,699,699
671,561,524,784,467,545,525,513,716
515,680,528,494,574,435,493,654,568
521,671,754,656,605,526,609,582,654
468,538,498,513,554,561,489,703,552
650,605,658,549,692,513,568,601,640
508,598,823,626,481,540,609,614,520
521,683,548,580,363,460,484,582,769
447,425,828,558,421,510,631,596,540
621,412,461,475,484,525,426,578,468
489,628,692,567,518,469,626,615,490
477,537,575,536,638,641,529,551,404
630,700,542,573,447,539,581,585,565
602,697,650,682,425,277,593,562,728
523,478,482,516,544,518,494,461,557
641,546,385,528,634,511,591,542,516
606,560,717,640,556,682,592,715,688
541,603,620,514,535,402,461,635,498
591,629,517,650,470,481,506,363,714
629,653,726,714,467,783,680,467,645
491,634,435,576,573,660,553,473,667
510,599,493,539,589,886,606,488,651
736,612,555,573,623,623,582,457,520
611,672,570,642,456,568,628,510,398
708,644,742,699,606,624,660,610,559
530,757,623,508,526,556,480,573,604
479,516,599,617,349,378,579,659,614
716,531,709,553,476,489,513,591,714
592,570,556,547,379,684,639,364,448
746,561,554,507,475,477,517,679,457
640,716,606,637,750,612,527,476,739
333,414,442,424,507,587,408,302,489
694,642,835,734,685,442,747,687,586
440,471,653,542,584,519,594,573,465
431,501,584,544,520,540,476,602,538
498,574,550,624,514,437,640,613,470
476,424,613,555,391,368,401,597,423
773,750,578,584,585,656,508,663,847
532,533,551,646,614,508,556,395,539
564,573,678,651,699,680,650,617,568
714,626,627,696,554,728,633,653,565
761,680,592,662,693,459,601,704,736
749,705,722,663,705,671,697,535,692
540,436,430,458,542,305,506,512,432
564,633,490,388,377,349,591,540,592
773,590,473,564,558,534,553,676,667
663,724,654,555,873,684,572,628,658
495,512,450,456,399,471,492,525,469
538,570,721,634,573,510,573,600,482
487,576,499,588,554,588,522,469,501
617,558,583,472,605,440,522,433,726
714,545,503,418,480,456,517,472,645
445,531,438,512,588,458,543,492,547
697,714,480,519,725,353,549,639,739
772,602,622,620,839,469,647,585,515
698,607,597,529,429,516,507,670,551
660,464,587,471,632,482,593,530,755
646,623,509,519,569,518,655,693,681
545,650,508,631,428,615,638,516,629
568,558,489,603,577,555,609,491,552
564,571,757,556,570,442,630,490,630
528,679,547,510,440,663,459,574,533
615,563,514,558,633,283,617,573,541
548,598,639,605,676,533,547,461,529
446,615,566,514,498,464,439,438,411
415,640,576,563,450,589,582,411,500
720,740,547,630,581,564,553,714,394
622,605,691,526,642,493,585,594,543
570,380,663,598,653,599,539,509,580
649,567,690,635,547,512,282,509,442
601,455,697,633,624,443,410,512,512
456,525,790,639,594,477,586,451,697
619,655,640,634,553,522,532,687,509
775,787,630,667,643,623,579,576,705
767,779,650,574,640,542,582,558,734
551,565,537,556,471,501,453,521,389
530,592,532,491,458,392,594,511,499
628,587,436,589,534,664,601,583,535
388,582,442,571,402,780,472,389,521
485,500,453,495,456,426,517,561,325
568,627,578,605,527,536,593,703,519
798,829,680,794,685,786,658,596,885
469,504,558,582,512,899,691,455,530
551,660,642,623,637,444,665,471,711
493,664,619,675,445,553,683,474,541
521,448,552,428,573,692,459,413,558
683,568,818,592,709,525,585,517,381
637,715,600,615,524,438,586,433,598
746,554,579,462,493,499,514,416,473
785,479,483,621,582,585,590,710,581
574,649,484,459,464,537,521,614,610
538,732,598,579,701,430,535,598,517
489,597,588,608,479,488,562,545,451
446,419,565,504,375,484,466,602,576
569,684,562,641,584,583,514,607,469
482,567,552,502,454,518,495,706,459
712,616,537,672,645,584,667,651,532
611,511,566,454,556,660,541,583,327
480,523,847,509,509,450,407,563,558
566,625,626,630,437,607,628,603,649
499,508,699,566,547,356,714,499,611
662,594,585,647,564,694,468,592,685
662,709,516,553,529,390,650,611,395
458,596,604,514,417,443,591,682,586
509,491,619,587,605,414,582,585,371
324,566,487,514,630,458,586,603,596
446,535,498,504,446,470,402,526,466
434,413,488,551,628,505,516,528,488
488,531,578,573,571,388,436,499,548
643,573,452,500,693,740,584,557,621
544,680,532,647,553,363,528,671,747
561,567,548,540,506,392,552,561,575
552,618,573,567,621,651,624,680,569
596,525,502,585,464,424,529,594,487
573,587,491,517,516,727,670,539,583
585,465,502,466,422,561,435,480,561
639,588,692,711,638,1070,624,539,688
473,405,427,394,557,574,531,469,452
662,647,585,645,659,605,545,785,660
535,603,491,527,491,523,458,547,566
642,499,492,537,463,596,454,547,610
475,425,413,514,631,578,548,460,439
647,678,825,552,682,535,358,347,546
417,398,492,475,471,484,641,489,377
523,623,366,447,431,679,491,485,685
632,652,567,638,505,378,636,587,666
435,529,748,612,527,523,528,591,662
603,516,688,614,515,412,423,563,532
727,744,687,680,521,398,700,667,710
836,665,736,790,685,703,706,570,873
528,638,599,595,408,358,560,653,554
491,531,551,453,477,560,375,619,644
802,507,539,604,477,689,489,724,526
515,531,607,696,529,680,543,477,467
574,758,473,698,723,651,504,713,667
562,342,362,459,782,500,378,530,435
507,506,501,556,535,460,511,585,578
532,686,613,588,394,665,625,505,582
493,538,623,557,605,433,606,581,503
421,472,418,499,438,435,420,694,447
655,569,731,616,674,422,471,496,555
474,566,625,484,637,480,405,561,533
575,558,597,622,380,592,533,715,596
429,560,536,557,495,499,461,454,542
612,610,464,567,452,485,567,554,532
646,714,472,624,793,600,467,598,641
478,563,771,520,461,367,619,578,566
657,543,577,458,474,552,469,587,432
479,307,459,478,402,600,444,581,364
723,510,596,575,655,861,644,601,599
629,547,456,459,494,549,513,656,546
556,647,471,483,494,560,467,580,612
429,426,478,480,486,590,473,422,504
422,530,428,699,455,642,558,441,507
785,573,642,677,686,558,716,508,506
565,685,556,498,458,296,502,659,546
625,629,339,410,485,396,306,581,478
547,551,476,453,486,516,548,570,465
649,457,621,555,559,600,605,600,373
633,692,694,587,549,418,524,737,756
547,543,302,379,486,492,337,518,556
657,381,650,510,453,556,402,431,497
638,687,572,549,609,796,584,526,572
541,649,637,542,602,594,509,564,666
548,633,637,651,526,375,461,683,548
473,515,591,564,580,470,385,549,555
506,465,559,470,560,483,488,570,591
638,771,720,520,577,502,363,435,474
556,384,673,506,451,411,468,516,615
540,551,492,487,493,529,471,386,486
637,562,409,449,600,396,488,591,440
523,467,496,559,536,443,503,420,517
658,550,673,659,742,634,645,602,666
327,461,474,453,504,576,616,443,551
553,573,602,591,606,641,421,554,586
485,437,686,634,296,317,577,670,644
547,525,710,525,545,560,565,623,459
650,776,736,596,617,470,416,546,707
527,421,604,674,663,447,508,614,597
591,520,404,519,470,577,371,456,523
657,534,423,584,549,535,594,551,850
516,399,849,539,445,811,479,431,821
649,612,607,594,545,586,598,439,378
677,679,561,602,549,534,624,573,677
522,631,522,579,480,695,602,554,675
490,458,608,546,526,457,690,489,757
723,579,588,599,472,560,669,526,626
743,615,762,606,442,526,608,576,674
633,553,602,505,682,390,732,558,669
548,574,520,526,518,442,571,501,527
584,561,491,572,555,707,477,592,432
586,438,432,419,469,465,472,497,516
640,550,477,568,536,542,569,534,347
494,566,475,506,405,465,582,475,352
609,455,733,498,451,650,355,549,351
645,644,728,601,651,423,407,653,660
509,664,463,575,491,834,493,308,492
480,690,561,576,625,960,675,619,635
606,606,822,597,805,710,547,718,722
431,674,545,542,494,477,536,563,627
606,592,550,580,618,468,479,571,551
531,585,542,544,434,466,504,712,531
693,548,535,593,576,609,515,636,407
596,566,587,441,450,487,410,754,785
537,634,592,607,434,543,670,608,796
572,521,452,510,542,539,539,532,567
517,591,656,645,523,485,553,616,530
438,568,580,664,584,396,455,737,606
494,586,711,520,501,484,577,513,579
606,600,514,510,466,388,408,640,572
589,623,467,405,450,756,350,376,582
606,570,586,598,490,439,601,623,525
738,497,461,514,590,453,460,672,534
948,636,647,595,653,487,468,698,649
527,519,600,479,495,603,618,399,418
524,536,601,464,402,482,572,496,509
514,616,513,495,442,515,480,527,501
672,514,701,498,628,356,410,838,482
649,687,708,623,566,461,570,577,628
705,603,647,645,580,826,676,483,799
636,545,516,562,448,316,618,591,530
698,688,499,548,524,355,511,655,755
544,428,559,512,596,572,586,411,588
665,692,512,561,589,465,448,693,533
518,443,761,540,491,569,453,545,572
746,652,501,621,628,770,523,679,704
482,514,435,389,422,355,507,531,455
333,597,488,514,583,408,474,664,559
610,516,599,642,536,630,478,613,378
589,755,524,642,444,770,595,552,525
666,690,553,675,714,311,564,614,681
476,477,608,548,515,559,550,487,637
514,610,646,692,644,396,588,599,714
491,618,509,479,529,568,555,616,432
593,530,742,618,656,443,528,613,530
550,693,702,641,648,395,491,560,480
901,734,777,742,680,543,553,611,777
539,552,763,663,559,375,648,569,522
424,369,422,507,420,616,423,420,636
682,578,761,636,660,591,347,626,601
669,640,556,519,586,1054,513,771,686
599,550,441,411,453,466,604,611,455
509,624,522,561,517,605,464,465,527
585,604,616,467,315,432,655,549,582
584,602,673,641,377,410,530,626,629
921,553,609,598,566,565,481,679,611
734,448,535,585,527,512,576,497,673
756,659,538,578,563,574,568,564,700
624,625,566,574,546,635,606,398,521
606,558,555,564,498,684,415,386,445
573,646,522,529,456,377,430,539,379
615,485,663,666,547,435,565,552,660
557,581,702,509,459,422,585,589,633
560,479,576,521,486,409,504,516,450
642,465,606,680,746,606,505,441,675
630,706,618,681,629,462,542,771,627
457,562,476,481,599,586,457,469,434
704,407,618,515,566,239,556,618,485
791,652,569,555,555,322,514,715,535
661,589,667,690,580,465,626,414,555
595,510,765,623,464,419,601,656,672
415,587,368,421,404,413,384,506,376
761,592,490,478,577,563,529,491,585
639,601,488,450,547,529,444,618,524
509,539,514,549,582,440,556,600,481
660,462,484,488,616,311,413,606,527
809,778,628,717,772,647,572,494,754
525,439,550,579,491,580,556,565,543
279,499,413,414,418,364,616,645,411
746,571,383,447,745,283,468,679,589
490,490,373,415,412,648,459,403,457
568,583,637,636,660,387,727,344,542
519,637,582,514,548,573,570,475,550
555,628,532,608,531,623,515,524,452
433,512,698,612,371,526,468,574,751
581,590,545,598,636,413,468,545,673
519,551,518,538,440,524,535,544,430
465,459,516,521,493,722,493,466,620
441,495,432,373,397,631,445,259,627
559,666,617,599,586,412,588,482,594
659,740,451,511,529,710,536,498,638
416,483,606,535,448,542,495,614,589
592,648,680,714,692,444,553,687,732
549,478,796,489,684,573,642,467,614
539,557,416,430,539,512,489,468,382
725,744,727,693,632,486,643,482,473
590,437,625,507,580,514,488,653,762
428,575,610,522,493,495,516,395,480
497,538,622,648,633,574,654,677,546
711,647,721,670,555,523,608,436,557
446,578,521,466,507,445,569,591,591
658,598,610,674,592,575,730,624,466
480,553,545,519,465,608,602,464,454
492,688,534,573,426,423,725,595,576
558,623,534,646,476,471,480,484,762
537,674,565,667,454,564,569,574,493
556,677,741,627,455,482,443,502,591
574,558,542,509,427,530,556,721,448
633,597,570,510,438,418,563,589,639
498,440,422,432,511,449,462,566,506
525,618,509,495,446,549,504,352,575
376,405,437,355,392,521,407,506,451
540,488,568,659,714,575,665,574,723
678,605,495,629,516,595,554,659,685
512,476,578,474,568,536,491,574,447
589,609,368,596,533,369,467,552,493
454,533,682,428,508,499,500,468,629
520,607,591,515,448,596,537,489,609
417,495,625,523,517,588,481,474,592
552,577,575,635,478,791,677,522,456
514,684,641,620,587,678,714,491,809
582,452,708,516,540,397,511,461,318
636,450,504,529,498,735,567,458,586
609,561,433,359,516,919,406,498,611
457,483,624,640,859,358,509,577,517
618,594,640,564,676,535,677,496,502
751,775,788,650,760,708,556,632,821
709,603,503,524,437,569,399,451,413
406,521,409,438,427,682,461,404,563
374,519,564,455,504,776,551,474,402
442,576,780,613,620,657,421,539,573
369,568,516,675,664,506,663,431,528
667,523,560,493,496,465,530,607,547
480,484,484,470,536,509,470,694,495
504,547,585,571,401,597,575,630,553
442,634,383,599,417,595,592,433,587
517,523,544,615,605,469,682,549,580
679,737,711,757,612,555,622,564,657
798,572,526,587,637,607,560,516,608
485,539,504,379,337,633,411,491,375
538,490,846,601,638,616,301,580,672
686,524,403,467,575,558,493,630,465
347,504,574,400,456,603,395,411,389
636,622,558,572,449,397,568,714,643
480,456,530,467,504,565,394,523,295
583,642,504,535,519,472,508,524,511
375,538,360,516,351,395,632,379,477
768,482,670,580,651,569,603,724,547
718,592,439,582,695,551,618,656,514
393,523,380,425,392,841,444,393,437
610,463,318,422,458,335,368,569,420
620,509,596,593,467,643,513,650,773
502,603,637,560,537,537,599,779,594
529,479,562,423,489,384,517,639,529
640,525,741,740,820,512,633,652,572
640,699,640,777,587,617,700,493,488
453,562,706,598,488,577,526,548,526
518,526,398,378,445,664,481,400,516
608,370,350,526,516,435,601,567,391
693,499,523,634,398,642,560,636,675
672,606,818,542,588,663,583,654,760
625,609,544,665,537,855,554,824,579
700,581,482,680,629,360,610,595,642
597,475,548,472,415,390,604,360,456
514,547,643,593,488,512,540,550,516
754,625,470,584,377,489,434,617,502
657,640,624,584,694,471,590,769,738
477,534,550,511,496,425,534,376,504
782,700,676,706,656,502,555,536,492
644,400,551,580,545,500,430,475,495
584,641,613,605,678,447,584,622,718
626,747,539,661,603,582,590,656,591
691,516,623,688,455,541,538,589,559
611,629,497,598,376,570,456,416,578
661,513,649,610,680,551,579,347,533
670,752,840,615,595,676,466,623,601
582,583,582,539,468,516,676,795,528
459,538,410,475,310,421,610,484,529
584,508,687,482,570,543,454,561,506
504,392,408,468,508,339,484,486,390
636,555,526,445,516,458,536,519,449
876,523,474,620,570,455,660,784,596
675,652,577,616,538,858,537,506,568
615,616,447,537,497,436,661,639,518
578,590,718,528,638,466,561,480,508
482,579,568,647,568,445,532,647,482
545,522,424,560,576,468,629,516,474
624,598,734,541,617,600,553,643,647
645,575,519,541,569,670,523,535,526
563,474,460,581,477,334,486,570,539
525,644,720,581,446,712,559,545,604
898,617,523,596,390,727,508,802,716
711,673,738,688,645,606,498,667,729
520,469,621,510,532,561,519,525,541
746,639,733,525,641,759,676,690,794
619,601,504,495,693,623,491,576,600
434,535,676,546,634,644,479,458,567
751,577,799,677,812,550,512,651,563
422,581,617,700,631,586,516,615,570
509,537,662,550,569,672,552,539,705
432,626,523,625,509,334,607,529,662
557,605,688,575,627,622,329,545,488
603,526,569,593,529,641,593,563,588
415,452,593,431,476,420,440,587,550
499,498,546,604,580,364,453,546,664
405,585,603,580,443,743,633,403,644
438,697,406,404,523,687,550,492,660
525,578,524,484,404,667,572,552,496
519,490,715,680,594,646,394,515,674
529,408,590,567,561,413,680,521,448
781,453,538,659,753,492,615,707,682
346,597,599,656,539,358,638,355,534
378,503,593,623,441,464,603,455,469
792,563,571,663,547,547,577,716,580
452,390,575,566,538,590,654,445,514
745,663,543,669,430,603,559,635,679
621,527,641,668,787,625,659,731,711
634,523,476,507,487,347,442,600,281
457,299,434,344,449,519,440,392,541
403,416,494,523,636,590,505,357,477
741,594,708,570,678,596,485,583,740
539,612,758,551,585,601,746,577,770
676,425,591,636,443,625,518,622,429
527,495,511,475,467,437,357,524,593
692,701,581,627,473,602,418,597,515
509,712,662,683,572,545,578,509,696
709,602,549,441,457,535,444,519,421
665,518,479,583,612,423,520,654,662
562,717,576,696,527,574,644,634,623
626,640,668,613,589,639,691,573,749
643,668,694,566,425,412,598,623,515
430,710,562,499,597,459,442,423,520
520,482,488,519,437,448,659,561,562
494,518,613,604,530,462,465,339,734
694,728,587,569,411,539,564,604,772
438,466,619,533,550,563,413,670,508
665,522,559,691,545,414,631,514,653
740,541,465,499,575,514,496,470,707
647,655,679,465,498,450,671,659,437
498,401,376,467,323,326,399,519,424
470,480,647,556,562,480,475,616,487
528,659,587,627,629,620,484,649,705
570,586,668,507,384,509,736,454,620
574,536,555,535,575,500,478,543,705
675,638,653,605,581,512,747,524,760
810,621,650,769,568,464,715,876,660
501,581,547,629,533,443,494,585,589
375,595,552,580,454,430,725,509,685
547,392,660,512,381,556,478,520,536
572,656,586,639,494,842,710,400,613
599,547,687,529,690,580,513,549,430
713,570,730,725,589,481,565,727,567
621,511,590,649,656,808,660,599,777
622,565,507,652,623,503,622,447,575
711,546,523,522,471,556,502,504,526
515,594,487,607,486,622,612,492,417
541,495,473,535,491,553,479,522,519
527,708,470,289,450,452,473,442,325
620,608,608,649,697,568,648,495,628
514,649,523,422,447,604,556,388,688
517,734,540,514,454,530,608,545,429
645,622,540,562,537,477,509,693,721
456,628,468,558,596,433,512,434,427
390,556,479,481,560,420,540,559,563
481,417,497,501,548,685,634,575,561
518,662,544,440,418,403,461,489,539
458,628,449,563,529,520,544,614,465
516,386,676,440,340,398,465,353,444
506,624,576,582,463,428,475,501,437
564,548,404,516,567,480,603,563,628
643,586,494,410,442,605,408,363,548
565,584,696,611,503,444,414,573,532
392,461,329,340,563,303,348,532,502
547,433,519,471,478,471,588,611,658
489,578,738,560,646,509,492,384,518
410,556,559,492,564,476,430,540,470
603,695,516,489,587,477,636,563,566
650,590,587,521,610,529,550,637,686
515,653,450,501,442,489,569,555,602
653,525,555,560,481,480,561,598,518
603,611,518,511,438,506,429,543,535
479,546,478,551,585,426,535,461,498
637,629,627,675,531,709,599,591,660
761,598,588,613,699,643,633,649,458
561,387,533,447,543,498,566,409,501
536,658,628,644,617,595,630,388,654
646,515,676,642,657,493,649,472,552
674,573,628,598,766,559,617,621,561
477,456,515,485,300,369,581,534,410
507,449,538,471,572,476,616,773,504
357,338,428,535,456,558,527,662,509
802,591,393,581,469,564,598,724,781
546,497,514,552,343,532,301,396,360
555,527,702,535,518,534,616,478,480
645,602,524,602,575,672,563,547,647
508,551,695,553,517,646,535,588,602
533,464,540,675,374,497,529,634,431
650,600,764,565,571,729,448,553,682
396,621,397,522,422,586,655,749,508
783,704,529,605,550,493,687,572,650
845,624,553,621,571,488,501,601,721
590,555,608,465,551,598,643,486,581
394,537,491,571,362,586,387,533,519
452,478,424,460,480,550,493,297,505
508,662,592,595,644,762,601,550,567
566,640,581,510,661,545,441,556,775
520,434,576,568,416,472,630,419,547
498,542,507,485,452,593,543,520,492
564,600,592,550,630,533,341,502,771
757,480,552,558,549,481,489,747,752
620,605,448,562,408,564,549,577,698
358,477,361,433,342,470,451,626,684
532,530,487,506,498,560,491,570,385
623,570,531,544,513,490,526,464,579
534,534,618,494,346,638,369,529,453
282,505,437,525,667,444,408,376,377
753,606,530,609,480,496,519,563,515
658,516,523,576,633,515,532,621,660
550,718,557,589,731,583,444,520,516
533,549,742,557,511,398,456,660,614
704,578,619,576,558,568,576,547,558
595,637,600,573,517,462,619,687,418
642,667,635,678,471,747,685,595,745
693,718,595,579,415,462,518,621,586
426,485,385,471,443,504,499,529,759
489,428,319,520,521,851,475,440,471
821,605,630,728,526,645,603,576,733
463,550,481,582,385,507,579,456,523
509,674,658,526,461,478,418,767,630
570,500,454,538,606,439,540,530,571
564,474,534,529,506,780,563,532,500
651,490,555,572,598,496,517,635,644
451,585,437,651,504,886,520,580,516
604,574,539,551,706,585,522,595,781
289,370,386,378,351,438,338,504,465
700,639,572,686,693,714,520,500,719
510,572,482,607,460,544,553,722,563
565,529,575,610,627,648,609,629,550
571,504,617,565,344,438,450,431,423
574,416,418,453,495,579,422,540,429
529,621,547,682,656,672,640,572,732
504,541,636,497,517,531,652,601,596
339,529,440,581,417,500,651,350,398
473,576,639,729,516,641,641,507,646
496,784,577,558,513,530,593,479,544
555,508,477,541,444,452,547,479,550
451,757,463,415,492,547,542,456,432
556,634,519,484,503,639,445,525,573
644,673,513,625,633,983,519,530,743
715,499,472,476,575,761,406,654,623
552,635,570,542,592,580,656,567,453
530,442,526,483,512,597,493,610,504
347,504,453,583,433,636,600,551,495
677,554,589,589,677,484,535,577,568
338,427,500,508,432,414,560,578,433
500,620,659,715,531,476,534,379,606
445,395,581,618,403,426,507,374,579
672,717,524,573,528,678,516,565,563
498,514,598,477,515,592,376,328,508
607,649,722,665,636,515,599,812,581
539,505,546,523,484,364,509,635,518
684,545,499,720,487,909,559,629,588
726,474,385,430,557,624,472,663,612
844,769,597,536,386,513,641,693,788
678,641,562,550,421,719,613,624,571
651,516,557,520,598,562,605,526,415
537,663,674,582,515,298,659,453,605
462,430,617,566,370,513,556,460,506
689,661,693,647,721,477,633,631,594
622,604,536,442,585,472,567,377,504
430,584,533,615,382,491,558,537,554
472,674,619,590,502,482,646,441,606
628,788,603,545,572,512,546,535,482
717,490,598,596,535,455,528,568,727
689,790,615,510,485,344,454,489,502
569,506,679,631,592,425,670,526,384
680,740,725,694,668,397,691,640,820
716,545,539,691,653,524,641,473,587
423,560,458,515,444,420,532,660,684
549,467,550,554,493,499,542,358,623
589,508,680,591,664,321,587,582,708
742,602,699,593,755,556,585,783,816
699,647,631,592,526,581,532,561,589
593,598,625,509,614,460,524,526,592
376,517,465,543,340,554,651,380,546
478,381,692,698,606,666,665,688,700
816,561,696,713,683,592,696,639,685
614,633,619,638,451,819,548,572,546
539,310,370,399,446,710,443,396,525
634,482,487,529,704,458,492,588,446
536,465,510,486,509,522,454,417,609
540,555,442,504,470,696,439,512,536
562,739,735,607,710,406,646,713,624
544,622,611,600,659,485,563,616,493
586,437,497,514,463,528,562,674,532
410,411,501,504,366,411,450,635,537
719,581,667,644,753,476,684,594,690
575,567,491,550,620,620,482,638,589
536,666,537,645,473,568,666,460,559
531,581,657,655,481,409,572,521,549
560,433,434,427,593,872,510,393,501
682,667,582,660,498,732,541,627,680
619,488,723,708,815,599,506,429,688
592,574,681,570,787,602,577,627,659
551,572,691,654,457,488,506,610,570
388,590,451,441,459,576,617,509,423
645,612,855,621,718,694,462,530,700
523,508,726,616,402,555,673,667,463
474,624,604,660,491,399,573,459,530
889,812,690,696,807,612,563,825,658
569,513,479,592,516,632,456,450,465
572,753,577,617,618,626,607,541,662
558,555,451,572,672,631,464,527,693
619,718,639,628,671,680,684,540,559
697,762,565,589,560,433,493,437,632
681,502,495,679,605,664,588,740,672
312,353,426,428,592,532,336,457,480
564,605,548,548,621,656,605,532,594
648,556,658,666,613,597,522,686,788
630,543,508,598,456,432,524,585,471
609,616,758,557,573,356,459,684,573
609,532,637,702,600,790,588,568,496
534,554,605,773,710,526,677,507,628
538,517,649,700,847,587,588,511,589
598,606,495,684,584,503,528,559,497
489,447,457,421,547,549,445,489,534
574,612,428,521,490,497,573,578,515
703,483,772,608,806,857,415,522,743
823,711,695,689,527,579,579,573,731
671,573,499,621,496,522,654,481,486
596,768,660,605,537,499,469,673,726
584,494,490,522,478,550,574,548,592
578,616,473,488,507,460,437,555,528
478,548,584,427,565,564,346,605,676
613,557,609,591,685,390,655,459,575
594,653,541,629,540,598,607,556,606
628,646,623,590,471,500,574,589,728
594,627,698,605,564,689,484,489,750
833,764,604,668,655,715,648,451,547
582,434,578,623,371,692,559,642,479
450,609,759,592,598,585,569,599,516
579,440,685,564,552,493,431,582,523
370,515,570,586,413,407,511,343,442
668,533,469,452,643,685,499,509,723
735,731,718,700,559,519,497,762,874
576,634,620,666,542,550,591,615,452
557,589,683,644,580,573,613,526,686
460,668,643,635,374,472,559,670,694
529,569,660,480,463,402,320,377,667
760,630,565,601,465,662,545,690,632
741,451,611,627,574,702,696,616,559
673,718,584,534,603,586,611,774,645
715,605,551,474,429,684,539,736,613
714,649,531,562,623,434,496,552,800
549,458,457,540,489,518,466,538,441
635,503,507,502,500,423,587,376,540
563,543,485,489,416,605,358,531,508
550,707,770,564,491,567,622,633,551
542,464,604,475,709,543,680,502,440
379,551,687,747,634,521,607,599,609
603,371,549,552,672,680,562,565,580
570,576,550,596,689,443,541,422,553
616,447,454,421,607,423,404,487,485
497,742,629,451,532,505,460,649,853
628,589,448,465,596,378,461,421,372
784,649,624,756,570,558,621,655,536
651,597,664,666,632,510,713,566,839
441,582,670,530,392,517,545,514,610
558,549,617,519,397,587,650,552,605
676,506,584,499,415,645,529,580,759
537,459,364,460,549,251,383,510,404
427,451,619,585,527,475,641,567,645
798,559,663,634,714,650,731,732,573
545,522,723,619,617,430,391,582,553
657,492,526,607,578,553,647,564,626
574,472,509,567,527,443,478,503,530
446,611,587,567,449,617,458,451,818
498,498,391,564,411,568,564,550,542
592,653,645,579,553,538,588,610,486
482,476,443,478,455,703,464,464,489
619,551,654,702,781,538,425,639,543
543,600,566,578,624,505,477,592,590
559,577,658,644,715,436,406,683,526
667,665,657,607,478,334,552,615,548
680,588,597,598,628,578,557,680,726
348,451,359,362,390,543,455,557,500
678,637,650,538,499,429,547,551,625
460,558,486,512,466,557,474,609,558
723,726,726,658,845,665,569,613,708
449,539,347,546,455,436,419,457,389
566,654,649,638,668,788,510,533,523
587,587,570,550,483,422,532,564,672
612,617,463,621,615,686,635,784,721
692,594,531,509,828,510,522,549,562
546,648,655,509,712,483,562,749,598
550,398,592,511,461,651,534,540,619
678,575,622,669,666,687,630,726,556
530,616,698,640,506,526,568,668,556
599,560,608,552,611,556,402,531,760
572,371,659,447,448,643,503,514,605
552,505,516,580,446,454,540,391,453
529,459,359,455,521,613,512,503,590
640,559,660,598,444,421,758,593,422
675,653,627,588,533,532,647,835,587
538,568,596,541,376,524,575,502,582
763,752,794,820,817,648,644,506,773
535,567,584,568,634,518,616,648,421
748,684,608,621,530,484,550,633,684
554,510,536,583,525,529,546,558,459
578,613,804,595,755,471,619,569,550
425,721,473,452,521,547,503,574,472
575,603,590,655,518,448,554,526,572
415,538,663,511,554,323,558,555,576
825,577,492,664,709,404,648,531,490
629,503,553,596,597,658,666,554,631
564,598,553,551,542,429,552,566,692
437,650,736,622,561,411,611,626,515
458,443,430,457,466,396,492,446,557
603,559,685,619,606,442,715,591,527
507,591,548,444,443,615,461,536,568
533,562,546,585,532,424,572,428,512
680,641,636,539,676,609,582,570,443
510,447,657,662,670,486,655,661,456
553,756,619,512,417,526,583,488,604
418,466,393,429,567,839,580,381,531
590,731,572,631,529,479,557,776,547
666,580,702,670,533,512,633,523,477
578,750,653,600,624,568,363,647,582
478,564,576,557,509,411,566,490,664
574,439,460,530,607,595,341,540,444
625,562,528,662,380,323,704,553,529
676,618,466,659,686,688,534,622,525
433,564,477,617,481,275,543,426,509
706,671,661,714,666,366,663,627,673
718,624,719,773,567,637,667,511,729
390,512,493,547,501,519,502,475,419
757,587,749,703,427,697,502,688,690
563,488,728,499,411,519,501,529,622
508,553,414,553,472,526,436,574,700
614,578,629,585,488,432,608,518,747
542,546,594,630,560,535,561,498,674
579,614,620,591,474,684,344,479,643
412,592,604,478,702,488,342,498,511
395,579,697,564,576,463,554,697,362
568,660,721,542,646,470,478,506,703
600,505,661,580,646,546,455,511,502
649,652,732,539,595,412,623,712,578
560,662,777,609,510,449,604,371,430
650,585,591,564,548,504,443,712,427
694,559,588,684,461,563,637,637,732
656,620,505,582,486,857,578,606,700
557,601,809,577,558,514,619,690,712
697,469,465,570,477,590,565,321,590
584,679,486,636,508,491,672,548,739
649,561,617,722,626,719,548,656,546
400,617,571,579,448,565,577,399,584
444,578,655,520,562,465,604,549,492
455,600,543,515,427,470,483,462,449
603,600,611,666,495,441,467,505,556
504,430,715,532,626,453,560,538,727
716,623,643,609,673,578,494,681,612
650,541,622,560,607,334,748,616,486
618,545,576,571,532,483,585,575,622
639,800,554,617,454,419,609,513,778
427,667,703,585,538,373,469,635,673
507,638,562,514,486,529,523,729,537
550,556,562,553,513,445,501,514,515
642,490,578,702,558,558,445,635,671
505,633,475,527,489,518,532,449,513
788,619,558,655,697,602,487,728,818
583,481,564,548,470,528,465,564,484
699,504,699,624,685,667,667,580,682
399,277,288,384,335,609,317,454,407
694,591,617,604,661,667,577,570,747
559,506,565,626,679,945,534,518,436
408,552,517,522,479,670,426,630,440
654,694,504,584,514,783,669,603,627
798,687,639,629,449,585,522,682,558
492,617,581,469,563,468,527,491,464
565,507,478,558,425,436,632,558,494
625,683,414,528,495,327,619,581,438
489,670,631,604,550,453,610,579,489
580,589,577,492,563,579,501,524,506
606,508,454,534,439,643,507,345,484
605,641,635,735,693,969,640,460,599
506,588,636,516,652,681,555,616,588
385,504,592,449,546,368,482,581,425
612,625,594,582,586,506,521,640,601
547,598,559,615,646,437,675,375,556
737,799,452,522,428,375,535,676,734
487,578,616,535,677,420,479,587,447
741,489,549,637,786,770,581,675,656
375,580,602,571,537,388,611,488,593
442,484,802,557,605,509,596,675,484
614,437,681,601,527,435,529,409,533
628,664,548,625,526,403,557,500,443
778,683,613,605,792,572,587,619,802
573,539,496,563,436,748,400,539,634
703,621,696,697,468,541,488,624,563
757,670,714,726,910,905,576,821,827
683,699,706,667,776,652,471,765,805
530,443,512,511,472,496,426,343,508
599,567,612,563,752,705,454,581,614
510,732,668,582,552,609,437,634,382
501,565,414,438,636,333,418,481,543
483,539,662,437,532,572,582,655,434
742,693,619,616,525,293,476,691,564
508,590,536,579,340,465,608,486,708
643,489,583,530,480,489,487,731,627
364,658,684,502,643,415,491,517,551
474,563,479,532,583,531,604,599,557
694,765,535,529,601,614,562,461,644
694,706,596,656,448,779,621,636,373
640,669,707,681,611,516,582,719,715
721,619,574,730,558,741,566,659,569
655,667,456,519,568,779,617,605,547
485,532,337,481,507,736,619,468,455
778,831,682,640,517,481,571,795,874
805,643,713,676,788,456,477,820,792
638,651,840,597,471,362,651,564,650
610,382,517,525,504,466,537,748,585
505,657,626,598,387,345,534,627,503
645,562,484,630,614,427,503,648,578
542,557,693,669,534,421,522,649,702
550,679,674,603,561,553,566,597,544
537,651,633,466,651,585,594,525,606
493,489,630,660,460,485,633,632,590
649,648,636,776,561,697,690,600,745
303,584,428,510,559,423,393,321,537
602,618,689,517,393,672,640,593,534
426,572,437,495,431,225,568,573,420
575,666,593,599,506,471,617,579,580
390,480,525,483,430,550,487,555,459
532,523,713,556,547,393,473,577,553
632,712,408,491,414,586,576,444,565
823,643,642,747,705,703,628,600,788
549,521,711,598,531,542,571,646,667
601,643,569,601,502,362,651,657,536
583,497,593,574,620,502,505,644,549
718,552,612,624,593,503,575,629,539
630,597,620,596,738,429,453,407,511
621,580,757,603,509,425,663,607,775
732,489,692,627,498,520,271,583,611
536,532,598,648,739,494,699,584,511
662,593,672,624,506,520,630,585,475
459,600,618,589,718,537,611,544,625
587,596,484,571,492,399,545,592,577
448,416,701,693,626,612,613,636,506
638,481,452,525,638,468,518,501,468
662,596,550,631,464,488,579,565,495
409,470,489,639,605,743,687,449,584
585,554,576,578,556,443,532,579,571
548,615,553,381,432,803,476,496,460
776,586,593,572,655,463,535,749,784
607,589,614,667,729,714,405,553,720
505,469,446,397,500,524,614,385,471
580,517,537,518,457,438,515,572,597
620,707,789,645,861,372,650,698,624
633,697,640,569,554,314,500,679,583
501,457,436,507,499,494,430,420,471
393,340,469,508,593,459,561,397,432
628,573,534,486,552,628,339,525,417
549,711,512,496,500,707,549,438,444
583,429,398,491,747,307,529,547,557
571,572,590,497,497,594,415,704,510
691,738,538,518,454,719,658,545,712
302,524,386,374,388,789,380,598,419
580,533,653,564,623,417,556,581,551
441,495,590,640,513,368,604,667,516
883,680,603,673,526,299,453,724,728
728,734,712,719,535,503,581,732,648
508,517,684,537,661,544,589,459,462
405,574,352,484,445,700,574,549,613
515,612,616,579,535,462,549,513,536
674,754,726,628,679,442,638,602,435
565,473,556,421,482,519,470,528,621
710,657,706,696,726,672,703,589,558
404,625,574,473,504,479,613,525,399
526,571,604,633,564,530,598,679,616
775,788,834,703,921,805,521,838,836
610,629,668,677,578,524,609,737,657
721,584,548,554,472,521,588,659,605
357,424,482,493,621,432,565,604,502
526,594,643,645,646,643,520,444,403
598,567,598,480,542,453,601,655,452
531,437,503,647,774,808,695,546,585
474,468,468,454,417,542,502,549,451
717,646,572,523,333,537,384,614,576
640,555,569,403,705,476,519,593,700
468,662,548,552,657,524,610,454,536
655,563,683,549,491,451,684,592,421
564,545,707,723,790,663,582,603,568
436,605,589,570,549,461,687,626,533
411,569,779,493,475,616,369,506,444
606,608,454,542,521,455,487,566,391
570,582,629,618,579,461,515,637,541
757,605,737,730,913,475,542,732,745
680,736,564,746,496,646,589,625,730
813,644,682,638,636,505,569,581,550
378,521,481,455,505,657,489,544,475
516,621,648,666,486,428,544,688,652
477,471,568,545,423,427,614,373,427
640,587,630,558,736,621,552,660,565
561,541,453,405,488,549,487,551,440
575,546,462,577,381,482,629,564,705
515,683,578,622,408,663,609,492,494
502,586,633,599,561,628,484,448,512
445,425,701,453,411,556,541,561,620
531,617,591,589,515,465,609,575,487
601,549,462,522,503,463,540,475,555
647,609,684,591,574,411,557,444,762
540,600,613,576,550,497,491,431,582
345,507,544,481,502,603,400,467,619
741,648,696,576,517,607,616,617,643
606,537,561,532,426,693,556,393,507
653,661,827,598,684,358,448,487,656
744,705,671,732,506,493,484,675,505
740,759,684,749,678,487,657,642,803
725,422,767,599,641,432,607,598,665
766,675,566,625,668,460,489,610,625
551,564,552,585,638,533,614,521,596
678,701,804,677,720,613,488,511,817
449,549,612,609,562,601,534,578,762
651,562,734,672,672,517,510,639,507
598,543,674,631,554,633,593,618,656
590,609,735,544,580,670,496,495,686
813,600,715,586,642,553,540,548,563
682,654,649,527,753,501,662,654,633
568,630,681,697,645,559,651,598,591
428,462,438,473,456,668,392,341,519
482,433,500,528,537,715,552,469,634
556,620,666,659,460,514,659,556,655
570,521,590,618,449,647,633,565,597
854,657,624,634,574,494,514,634,604
619,537,651,652,666,552,591,704,826
487,318,704,430,361,500,513,507,320
501,521,661,373,506,505,626,431,483
571,677,550,656,582,441,559,490,680
707,615,588,591,536,509,596,505,822
725,588,657,699,342,728,608,502,782
736,772,645,530,530,431,515,492,610
769,552,665,666,654,642,514,571,537
651,522,520,664,557,445,690,531,491
457,710,573,453,496,347,573,568,596
693,558,706,504,549,503,496,638,736
485,477,555,443,417,690,491,402,551
631,549,774,715,481,326,626,632,492
572,683,423,538,503,547,485,538,474
494,750,544,552,501,357,617,630,472
528,638,643,548,655,492,616,504,660
623,644,559,515,562,467,530,399,599
624,467,521,445,508,364,484,550,491
482,546,521,541,480,536,575,406,501
558,432,575,617,423,634,630,580,526
557,574,591,633,462,321,596,542,534
541,529,586,533,507,475,509,629,473
719,547,612,725,743,430,740,715,577
605,678,568,662,461,749,738,615,625
547,627,554,501,581,412,450,380,590
598,548,543,455,553,527,502,574,605
498,564,553,534,527,495,459,481,518
638,460,722,637,594,435,661,633,384
506,510,622,549,513,519,472,591,619
756,630,584,589,494,488,561,655,891
634,608,536,648,411,615,662,588,538
499,393,445,448,369,550,476,313,451
494,565,544,597,404,486,515,456,533
395,542,417,456,317,703,417,395,389
531,606,603,622,421,419,638,505,631
519,696,457,590,579,513,427,566,541
583,556,333,442,411,500,509,533,511
433,582,487,479,463,317,556,607,549
747,695,760,748,527,592,668,462,640
667,652,634,767,603,576,540,774,577
708,716,517,559,517,438,516,652,542
610,700,580,714,566,675,573,569,629
422,462,519,632,419,417,492,565,482
665,631,585,536,621,478,668,809,557
467,563,564,673,592,538,512,616,825
642,514,779,586,602,457,511,633,547
450,522,523,433,501,311,453,401,441
614,531,599,615,482,632,570,504,523
574,654,463,572,578,660,640,540,385
683,664,717,719,692,418,687,536,620
500,612,542,519,690,697,534,480,580
463,524,610,531,524,613,611,451,408
610,526,565,546,604,411,462,666,695
565,395,464,557,473,714,387,385,625
407,506,400,445,508,501,379,494,497
646,621,586,591,434,553,582,584,479
712,550,695,635,645,768,647,663,713
493,556,471,608,429,475,447,314,404
485,565,502,421,453,489,420,591,503
625,599,649,670,634,525,546,568,547
657,577,574,550,630,684,552,581,580
660,525,766,643,716,526,569,449,779
583,547,713,589,536,457,585,663,817
640,572,475,517,577,438,645,593,623
529,683,609,672,396,552,619,503,688
631,664,529,552,461,543,467,586,352
661,657,683,672,710,351,716,556,567
542,680,560,521,562,522,520,665,446
600,518,533,575,553,332,698,561,690
655,594,686,622,492,585,561,506,803
530,557,741,639,668,421,536,631,433
697,645,520,538,397,581,478,526,780
616,532,571,629,704,445,693,574,426
406,536,669,490,527,513,627,510,473
503,442,522,564,401,609,541,530,668
593,421,720,491,531,376,598,702,601
435,679,476,631,484,525,544,427,530
759,672,675,627,794,704,648,323,577
505,483,800,616,470,565,492,451,614
560,597,747,655,678,544,646,731,589
624,695,813,632,639,437,410,472,843
586,536,710,715,763,397,714,487,657
553,580,578,566,482,431,509,411,639
506,482,396,440,740,573,354,485,574
442,599,562,693,339,423,574,491,566
563,666,533,536,418,625,691,634,518
477,546,622,553,632,437,499,462,579
816,833,608,525,540,646,613,764,963
625,513,645,675,458,455,500,475,402
470,448,468,456,641,577,526,582,457
593,519,533,561,505,559,577,555,496
558,693,496,625,569,764,614,527,565
704,668,578,715,681,609,546,682,643
535,722,603,663,515,460,564,569,580
623,698,764,760,635,450,679,580,707
507,489,600,540,453,513,539,590,495
576,517,506,616,631,873,573,541,518
595,600,475,853,551,517,673,498,652
375,486,479,397,428,534,483,632,343
536,601,505,534,449,458,480,412,583
435,586,518,489,567,518,399,554,652
601,533,538,558,667,493,458,432,387
567,529,804,687,506,396,480,617,591
628,563,496,563,602,586,435,583,537
591,486,733,537,545,390,609,471,587
619,652,609,584,589,502,694,597,381
505,639,709,620,474,439,564,726,573
510,538,613,554,599,718,318,660,548
559,561,625,571,525,390,575,527,645
537,633,612,617,648,550,676,573,633
383,557,591,502,624,569,542,539,441
458,660,453,598,578,565,583,446,642
645,488,597,596,538,575,577,597,355
600,522,624,647,617,429,630,576,590
562,548,619,535,648,589,582,541,784
641,650,782,552,397,556,463,589,707
638,442,297,465,448,573,576,320,556
636,663,668,684,624,417,536,550,707
575,457,554,772,524,569,684,557,499
679,591,696,581,348,450,529,520,596
583,469,643,729,608,608,594,467,670
247,562,340,484,581,604,417,281,369
633,643,530,633,454,541,656,673,532
538,546,322,507,449,540,550,575,845
618,494,671,570,497,611,652,470,585
550,690,667,617,483,415,704,570,663
640,682,644,610,530,521,654,460,441
591,502,557,633,505,580,442,501,468
641,438,442,533,412,298,579,594,409
549,337,673,569,525,598,477,498,683
571,676,621,683,690,681,572,583,545
579,562,655,700,711,438,636,631,450
600,420,711,469,509,422,475,461,585
605,568,616,685,421,729,582,541,675
671,543,484,575,587,268,590,618,554
530,693,756,552,527,326,638,502,529
543,558,570,552,559,674,610,515,604
420,477,485,527,496,546,491,779,665
409,517,709,532,694,524,559,376,405
708,538,454,534,530,561,501,648,421
621,613,623,657,577,486,529,574,476
705,522,309,397,731,594,410,646,447
603,482,484,677,536,548,611,574,711
391,554,514,570,594,479,413,511,700
519,612,512,540,579,556,443,439,537
681,702,448,474,585,682,485,626,531
473,520,461,541,542,317,476,645,570
530,628,525,593,652,459,515,583,542
577,585,461,543,501,523,609,542,477
560,513,550,519,511,575,536,421,480
576,589,672,643,517,571,520,720,572
527,477,462,468,468,780,387,470,527
681,717,654,638,508,519,541,626,565
437,524,593,474,502,456,455,480,515
514,584,508,695,694,566,629,479,391
677,584,566,595,344,537,644,480,443
479,471,493,488,493,523,491,589,537
708,628,540,578,596,428,464,502,568
603,618,685,561,782,596,395,481,462
416,529,530,545,503,570,345,504,424
591,597,535,639,626,828,617,513,632
573,528,643,585,561,692,483,646,700
517,633,503,445,359,438,490,352,564
628,619,777,601,498,422,536,685,694
721,678,655,621,701,752,612,586,608
478,556,569,541,453,423,546,456,495
367,528,520,520,619,504,543,520,438
486,560,570,533,529,525,515,440,500
687,430,777,598,725,358,334,608,426
439,509,358,383,621,440,650,659,558
500,454,690,543,492,579,688,702,504
632,528,601,634,512,655,603,615,700
644,543,534,561,461,497,535,440,567
582,574,571,564,605,507,536,605,638
526,489,651,682,658,443,586,585,539
472,445,486,589,468,755,435,400,399
655,655,706,670,726,502,546,522,502
649,766,684,552,459,471,523,593,705
403,617,610,665,451,579,634,665,689
628,494,521,559,735,683,602,605,484
580,649,805,732,761,881,629,493,825
451,546,485,619,420,645,726,440,576
499,545,662,651,667,457,554,529,452
852,649,557,573,473,565,633,480,654
642,582,639,692,573,661,549,571,590
420,669,689,621,666,472,647,549,573
552,500,490,590,514,466,594,636,602
466,561,454,502,385,451,495,452,484
428,557,605,577,528,504,561,422,602
576,540,605,589,444,548,437,608,572
596,597,571,641,608,561,715,429,674
457,484,502,516,467,451,543,570,534
700,545,578,562,446,383,422,612,751
473,514,324,441,407,650,549,280,515
691,517,337,529,619,341,566,634,335
550,655,696,438,508,557,599,573,690
695,825,662,652,676,595,499,486,794
557,628,554,671,580,455,683,526,564
596,678,647,508,624,520,487,547,605
471,587,600,515,556,442,514,631,522
552,557,492,463,555,527,473,580,594
415,645,378,506,517,598,606,730,666
684,631,591,527,589,453,586,523,626
661,581,450,475,596,769,574,610,434
567,506,560,563,427,604,464,494,546
683,570,743,577,687,445,568,492,466
586,534,547,581,424,546,704,403,479
476,486,605,437,557,396,565,621,506
585,495,619,488,470,608,692,405,498
718,618,677,634,570,661,564,410,560
645,720,677,753,701,494,691,477,572
553,495,530,511,437,501,532,751,537
505,544,654,722,754,656,609,689,568
628,552,565,511,623,487,511,454,601
561,599,677,541,471,383,497,420,616
801,771,607,652,473,667,602,576,679
558,533,511,510,545,482,479,471,498
509,495,621,567,729,633,632,487,649
565,657,578,511,612,525,508,663,582
527,489,527,529,458,550,509,521,483
457,704,634,662,542,723,548,576,677
527,320,313,374,442,374,322,502,454
442,661,425,590,452,463,557,433,419
357,630,769,490,632,408,570,448,619
527,563,532,609,532,509,517,362,474
545,633,633,634,493,537,485,649,517
424,632,707,627,669,560,630,645,550
558,436,442,397,461,549,458,617,500
623,490,570,550,525,480,610,579,719
509,509,457,439,371,447,374,483,342
580,549,386,400,560,455,526,444,378
600,590,506,530,620,407,607,561,417
439,422,310,323,474,538,409,296,513
662,503,511,637,520,557,547,666,639
575,396,613,660,651,442,572,568,408
688,594,567,659,544,326,564,722,593
541,677,604,613,490,433,487,535,497
376,478,658,588,471,505,717,504,658
504,400,711,545,390,506,634,494,564
628,675,813,548,701,503,637,525,571
466,467,457,477,483,720,605,619,527
724,522,451,612,869,586,433,661,574
533,591,550,418,405,325,669,583,792
707,588,635,599,671,531,633,742,582
584,479,483,625,510,473,426,437,619
542,587,552,579,633,479,483,499,542
657,543,610,547,694,523,524,477,628
776,510,355,439,449,303,408,703,542
546,551,541,463,509,418,384,597,493
437,488,519,441,570,489,472,581,488
698,704,564,552,537,352,584,768,723
498,519,670,434,545,473,554,775,766
520,463,426,477,513,680,477,488,396
735,515,325,490,430,516,476,670,436
585,590,535,581,460,591,641,571,568
470,468,503,416,363,664,513,629,781
383,494,754,526,558,377,410,485,529
630,547,675,609,646,446,614,539,598
727,477,446,483,488,534,452,541,439
568,740,580,500,499,562,627,602,636
818,466,649,537,351,813,443,737,568
609,577,639,662,480,481,639,568,475
589,567,720,561,335,510,485,389,387
626,675,619,662,569,570,522,707,746
580,624,589,566,544,511,523,651,652
673,612,583,600,681,660,463,602,544
639,573,727,595,698,569,471,616,760
530,481,653,565,487,376,570,663,613
716,562,620,553,545,502,524,542,602
789,521,543,632,558,588,526,419,521
511,533,574,533,429,512,446,520,690
591,480,529,525,610,521,574,396,532
595,493,450,557,467,608,545,396,530
650,594,895,694,647,516,340,758,683
800,617,601,708,630,475,533,489,710
653,580,580,613,578,407,592,486,441
649,595,760,625,581,581,365,459,826
708,640,661,528,523,391,623,718,666
587,515,472,512,544,397,559,582,454
459,454,474,529,444,461,425,628,496
571,503,569,617,553,405,594,458,585
509,538,540,531,526,469,561,419,543
418,404,493,563,505,473,479,434,535
612,524,488,581,590,566,582,472,480
525,584,513,644,703,567,661,500,619
719,571,640,605,626,586,411,670,488
509,514,525,488,383,602,458,517,388
441,544,624,571,539,541,673,664,509
717,616,641,611,624,523,630,412,622
523,649,618,523,578,596,484,569,594
417,567,530,572,805,729,500,413,579
670,687,542,543,678,335,503,617,742
407,504,485,553,482,565,594,405,572
548,450,577,587,529,611,523,603,436
586,668,648,621,557,489,570,576,535
570,649,601,665,462,448,577,458,609
606,566,561,570,645,431,611,528,556
563,580,480,481,454,862,586,476,529
437,464,652,427,471,379,461,487,261
510,614,476,462,610,598,543,488,459
449,625,441,543,385,508,545,585,539
534,618,608,635,585,457,603,694,574
536,640,828,648,603,559,544,468,630
626,601,588,608,516,821,543,604,724
665,682,659,740,607,601,710,482,652
419,485,532,504,617,494,490,509,504
517,682,638,594,643,509,505,690,628
546,641,760,511,433,470,594,500,398
559,679,554,697,578,627,586,622,619
558,525,670,630,590,381,622,501,585
669,642,636,685,681,608,644,573,656
510,420,636,534,570,487,404,414,596
608,490,505,535,528,554,519,601,598
624,661,490,606,869,334,660,580,622
410,550,727,512,503,510,461,417,516
659,725,578,591,468,432,616,638,686
679,668,621,589,616,539,584,693,624
503,512,410,485,519,507,607,482,502
734,687,820,776,606,562,641,611,817
361,458,486,553,516,577,590,428,443
593,752,762,529,860,335,646,641,633
507,541,555,486,482,493,596,442,548
505,432,489,528,491,379,416,455,316
603,568,586,605,756,536,628,563,675
364,507,604,506,431,607,422,404,400
585,679,625,701,692,466,402,632,530
555,411,352,395,413,710,511,531,340
605,468,669,539,588,360,438,736,442
618,660,457,542,523,550,504,575,579
686,668,587,623,499,306,594,630,685
604,691,534,601,541,551,547,728,685
794,579,519,659,332,439,563,718,534
688,545,593,616,600,563,604,417,490
637,637,579,596,441,659,514,606,605
480,575,541,502,416,909,699,663,383
584,594,279,291,544,696,444,548,608
494,636,578,531,533,957,337,475,378
614,552,585,627,651,530,547,447,334
550,545,418,457,438,625,462,520,429
606,718,558,539,537,584,407,577,578
526,729,711,820,358,437,696,501,735
589,527,394,414,378,509,497,309,554
547,444,577,530,620,535,691,540,506
589,436,357,497,433,505,570,552,524
548,463,581,533,535,498,628,607,636
606,477,607,530,703,576,549,413,546
570,546,600,457,563,520,713,621,417
682,569,699,687,722,823,695,491,656
530,666,763,602,503,572,595,532,512
585,618,555,521,601,465,547,382,645
678,685,592,598,376,461,617,692,594
736,666,542,564,607,844,659,671,581
656,407,649,588,428,474,564,414,521
624,555,627,643,506,422,522,722,518
663,566,680,562,568,684,570,629,548
766,650,485,669,332,345,577,542,636
586,499,660,589,689,420,423,315,472
716,520,638,601,735,574,550,526,528
740,697,684,642,611,518,710,773,706
626,718,645,501,491,506,458,539,363
498,483,479,507,421,262,490,478,429
538,545,546,509,363,610,465,511,454
463,508,448,476,323,647,478,452,538
517,450,536,607,461,552,629,518,392
556,697,414,612,447,377,594,345,691
877,582,581,658,787,526,555,784,676
391,480,470,442,489,523,400,403,537
402,489,435,513,526,578,539,401,466
517,552,562,484,446,571,469,439,547
649,528,700,595,597,448,506,600,700
584,514,483,577,464,701,552,732,561
783,588,632,585,609,576,578,494,725
460,496,777,498,576,654,444,452,545
535,540,677,713,815,632,604,650,377
662,553,586,529,429,837,640,738,694
495,638,583,537,529,670,612,476,612
667,658,552,536,565,778,539,607,643
702,772,623,584,576,579,576,419,561
459,401,347,451,451,335,425,378,512
517,565,425,407,443,354,494,478,480
714,650,498,567,348,659,473,536,430
339,531,461,609,413,556,518,600,631
685,770,711,567,590,550,599,726,591
508,689,625,622,460,307,632,486,500
662,618,644,582,505,526,554,525,544
545,524,507,520,446,389,428,664,707
658,572,358,459,449,725,574,608,496
720,509,551,554,380,578,513,658,611
591,591,488,377,416,496,375,398,486
699,596,683,770,738,500,713,431,617
822,783,595,562,792,733,594,551,516
585,523,529,436,630,560,581,620,318
834,773,749,688,620,472,475,545,648
499,560,471,412,542,462,478,496,476
455,456,743,462,462,454,571,288,396
463,413,525,498,647,598,512,432,438
644,753,618,669,418,320,693,640,630
684,681,493,606,546,597,750,629,565
469,463,565,489,606,358,350,585,427
621,432,617,564,469,547,531,655,439
418,569,640,492,345,433,394,433,516
553,611,577,594,407,423,603,464,410
458,531,444,352,398,504,503,510,438
555,529,578,584,523,415,518,467,509
503,428,401,375,391,915,527,435,442
583,613,718,572,638,512,390,436,553
490,594,537,545,440,510,428,665,536
567,487,481,537,622,298,715,393,451
521,597,487,379,397,317,510,453,385
446,396,370,425,467,484,475,436,440
601,602,573,564,642,498,514,573,523
600,710,613,623,725,698,636,583,768
728,621,775,775,835,568,721,482,650
561,416,469,493,520,419,421,442,457
522,661,552,573,775,562,604,498,761
707,591,467,610,487,705,723,647,506
674,555,606,444,494,538,652,416,508
735,641,564,640,633,654,592,529,408
518,650,719,589,338,521,610,619,647
604,668,598,566,531,461,673,594,606
452,547,358,420,490,763,358,441,543
687,634,502,706,484,690,602,631,410
503,548,531,499,580,466,426,581,628
734,640,578,765,676,828,582,392,704
594,550,629,646,659,669,687,708,434
561,367,612,546,554,719,499,609,497
546,642,589,509,469,372,602,659,724
620,648,710,653,802,724,701,577,536
449,515,579,595,537,410,704,631,412
542,490,565,532,550,584,574,514,573
555,605,469,495,546,445,501,446,587
599,568,568,495,470,535,474,626,828
758,660,488,686,435,452,535,589,687
703,799,504,656,554,543,556,604,828
581,358,615,679,617,406,557,709,692
506,706,435,386,445,480,443,790,583
624,656,662,478,522,466,443,615,512
411,494,550,432,571,589,469,339,572
551,481,411,568,553,477,401,435,478
579,585,636,625,724,783,644,531,575
397,471,445,401,454,479,538,598,448
598,521,626,580,494,570,626,500,505
696,556,569,508,433,390,462,631,649
675,721,586,579,628,445,598,555,505
569,598,521,463,370,696,666,695,526
686,619,690,708,500,437,588,586,606
357,466,551,667,588,407,630,749,697
437,791,690,503,434,523,551,575,425
657,627,607,588,492,460,566,632,427
564,566,453,630,546,559,570,471,631
499,363,417,362,536,424,412,469,581
705,776,714,507,541,580,476,582,712
595,556,412,539,571,420,517,603,557
600,471,625,611,612,492,597,675,561
480,520,478,539,497,561,593,442,504
614,623,529,562,561,594,585,572,315
508,525,544,437,498,473,582,420,494
412,563,539,560,632,443,684,625,563
600,461,477,473,391,565,430,561,411
714,494,444,487,438,532,569,381,585
425,494,485,587,619,589,583,419,572
645,554,605,529,460,669,612,595,619
569,633,735,576,589,640,565,469,710
514,631,627,702,621,692,577,571,427
494,706,561,517,610,608,386,526,624
531,660,415,518,464,577,556,505,476
604,536,776,484,477,399,390,621,499
741,566,622,552,569,340,602,650,428
583,616,668,571,551,617,555,466,591
535,530,600,646,673,543,642,844,634
611,516,605,634,752,710,687,570,655
384,451,651,527,509,553,578,414,509
500,447,587,532,500,529,503,519,544
687,509,569,678,570,670,598,408,571
689,672,667,570,602,635,653,632,478
518,536,713,642,603,466,570,609,549
512,639,623,585,611,577,580,500,487
464,484,545,713,422,579,657,496,292
532,672,408,431,454,471,334,580,603
538,596,461,514,508,657,563,268,599
883,609,782,664,846,660,558,599,925
617,524,384,553,562,463,475,558,576
640,529,573,483,590,361,426,491,517
575,590,476,379,510,424,547,621,585
331,596,440,526,387,443,500,343,571
763,515,591,602,657,340,551,637,540
863,690,459,604,643,710,525,573,579
502,409,604,531,597,420,474,545,585
377,528,525,539,350,867,531,481,614
523,612,542,530,483,627,418,520,501
490,493,519,537,612,500,575,467,526
569,565,669,752,665,464,684,522,487
628,514,531,500,483,520,543,561,502
506,547,745,527,730,728,617,761,646
619,691,576,522,594,511,537,509,423
652,610,712,683,491,688,670,603,647
500,610,438,448,419,517,610,414,547
625,408,507,516,474,484,426,435,505
476,518,652,654,620,544,652,538,516
621,708,550,599,507,835,563,529,698
455,612,624,467,482,411,489,599,608
572,634,684,709,592,461,572,399,600
534,567,494,593,330,308,616,507,687
543,598,602,648,584,570,495,534,538
696,520,438,599,428,670,422,638,566
647,689,599,579,711,400,346,665,552
511,627,662,536,542,617,655,770,647
694,536,562,496,482,420,445,593,603
509,535,530,529,450,608,417,484,651
669,488,607,661,481,574,586,540,585
570,821,787,644,711,482,572,557,720
488,577,581,520,446,365,565,348,412
696,506,581,617,436,474,496,666,667
514,558,631,580,694,608,590,600,558
437,630,686,586,500,514,494,651,348
471,597,579,628,797,404,617,537,571
710,662,431,538,625,622,367,650,560
532,507,624,497,542,606,462,528,497
528,543,521,417,487,508,465,546,503
573,622,866,676,615,556,417,615,474
565,661,671,569,489,485,652,573,561
701,642,562,666,595,474,508,492,623
547,644,654,646,590,503,414,772,617
564,434,522,625,569,553,640,532,423
736,621,652,600,648,424,665,736,662
426,428,499,350,512,513,564,423,580
617,565,436,471,497,611,506,640,665
600,376,391,535,688,568,400,561,470
426,545,286,441,599,538,432,420,471
692,638,484,605,620,498,673,711,674
513,469,564,630,515,473,631,566,513
655,442,495,504,455,462,434,716,534
489,552,573,555,581,862,382,471,635
448,563,554,609,495,376,637,438,690
496,467,598,459,460,528,507,561,612
578,605,554,648,632,560,608,769,835
686,600,548,633,679,402,496,682,635
608,404,584,524,504,434,617,585,518
636,562,630,530,533,739,481,495,593
721,675,672,679,765,627,589,659,603
616,741,635,620,540,686,519,637,500
514,496,432,451,465,537,450,326,553
607,590,447,523,417,491,491,445,451
675,435,460,597,449,307,475,621,495
566,566,529,520,437,579,500,691,589
585,447,625,552,538,535,372,601,588
507,667,547,511,380,495,513,482,518
504,420,562,506,436,449,556,375,648
569,623,676,609,725,669,593,597,642
690,740,601,591,551,591,548,635,688
447,612,582,482,447,447,516,526,532
471,626,680,517,535,437,602,532,695
506,489,720,534,515,510,548,514,427
470,471,832,569,628,447,589,436,437
495,550,609,487,491,530,539,494,536
590,488,669,519,526,374,554,411,457
501,544,510,557,362,595,589,575,575
611,540,495,591,662,713,605,570,504
454,406,710,599,528,565,587,608,706
625,662,515,591,596,411,684,558,559
797,576,628,693,590,610,598,612,657
639,531,603,544,544,541,485,630,615
619,643,598,613,471,566,652,753,739
559,445,486,530,460,502,465,552,557
444,544,458,480,476,475,573,667,492
750,646,608,663,711,516,518,652,528
631,693,745,683,582,440,468,643,752
610,517,680,618,514,618,587,596,484
454,660,635,566,607,432,603,539,657
740,530,639,642,460,484,601,674,575
479,467,522,653,694,767,578,482,390
452,446,585,532,605,404,473,379,441
555,598,412,470,460,670,359,524,408
516,577,592,552,673,555,330,631,618
636,676,794,749,695,545,599,688,522
425,653,609,626,390,425,592,419,617
534,477,518,569,439,633,481,601,455
731,621,513,576,487,516,602,649,567
667,623,518,589,576,651,490,615,666
475,465,563,443,507,784,536,727,589
537,565,721,451,446,519,430,454,485
360,449,370,406,675,514,490,367,463
564,589,501,536,556,823,668,532,481
479,511,577,579,513,466,519,511,698
516,534,523,628,540,605,596,493,553
494,480,536,553,376,439,611,469,572
581,664,700,600,627,432,657,527,591
568,556,576,508,530,505,370,616,532
673,643,679,620,532,678,455,656,568
346,397,531,486,426,751,650,526,544
407,528,462,437,456,549,586,489,542
545,475,617,521,392,498,586,512,622
718,531,713,581,456,540,411,439,488
461,511,523,414,669,465,411,448,497
386,427,533,350,443,654,533,511,450
630,516,695,632,445,644,578,539,418
629,608,733,610,678,459,556,513,467
740,578,656,662,417,372,582,486,516
450,653,593,561,546,520,726,535,607
468,515,559,476,361,664,639,621,495
714,611,461,501,581,410,444,499,558
535,597,440,598,554,751,523,508,476
519,683,635,500,503,428,370,631,718
697,523,479,594,577,845,592,639,348
417,456,490,584,431,1070,675,533,562
514,528,734,605,711,537,534,522,643
486,517,657,514,460,478,569,633,441
554,581,512,527,412,675,443,558,381
428,434,770,598,474,437,572,302,607
565,593,600,617,455,676,481,497,388
550,531,540,499,548,411,659,604,600
524,537,495,602,792,404,370,764,530
470,386,442,521,457,421,505,546,409
603,422,585,439,428,529,471,665,349
670,598,542,536,609,595,411,502,446
554,409,517,519,458,464,592,426,470
563,563,478,526,489,782,439,531,408
618,481,767,545,597,572,587,639,553
574,448,559,470,461,463,477,540,459
803,638,659,696,685,494,576,676,694
676,775,587,713,543,496,682,510,682
347,488,523,509,537,676,538,362,550
505,613,560,600,470,433,590,643,528
626,583,580,421,526,385,548,560,405
601,672,411,522,464,609,370,471,518
606,561,696,554,621,552,501,642,578
501,516,607,520,541,615,417,481,551
637,404,334,453,619,417,613,591,599
567,548,567,640,668,782,655,571,688
739,596,655,589,806,743,677,613,653
464,435,582,465,477,493,526,405,514
438,572,662,548,459,620,450,621,534
304,428,419,488,424,396,481,561,380
564,691,630,500,367,350,512,696,679
639,554,686,737,737,433,642,586,582
722,621,649,693,777,555,597,621,733
597,710,668,517,479,525,553,666,564
613,473,636,645,467,490,460,743,476
695,555,727,572,724,516,501,392,593
736,565,539,562,523,494,596,690,617
475,461,333,415,588,571,299,460,548
473,435,437,493,511,713,503,502,551
512,446,602,597,441,648,578,528,456
549,452,494,628,453,1080,427,423,598
477,446,303,435,441,540,397,534,499
457,518,625,445,367,651,444,641,818
573,674,513,525,453,480,438,433,585
487,598,501,435,413,615,325,600,550
465,522,556,523,549,512,538,611,603
627,655,733,609,718,537,460,585,553
542,442,553,537,481,546,475,662,426
485,513,515,476,464,458,414,394,610
466,576,635,535,546,444,501,602,636
762,716,688,665,679,533,623,581,778
523,349,794,577,584,351,499,676,537
551,645,578,500,510,611,329,621,583
496,489,670,508,505,722,553,515,469
462,376,817,665,703,374,480,596,666
520,549,628,485,577,542,382,432,404
570,683,667,555,484,606,531,644,622
637,502,617,603,622,602,579,636,650
464,518,520,579,463,492,615,433,657
500,462,655,528,548,472,607,602,533
732,485,594,547,545,941,573,463,437
592,493,462,511,703,429,535,541,580
571,456,375,520,604,298,366,537,557
544,522,436,558,472,413,532,544,582
448,570,448,437,544,894,513,443,529
551,434,507,510,566,527,461,411,385
556,653,589,551,409,255,693,525,481
534,580,655,613,614,498,597,618,595
650,595,686,466,535,485,546,498,472
793,556,741,565,597,684,449,501,464
607,634,424,547,516,562,604,436,469
471,516,782,532,527,608,627,621,555
760,509,552,674,610,698,677,690,608
418,608,690,656,647,488,474,533,661
533,463,508,446,486,408,477,549,448
565,573,652,556,592,529,629,609,649
452,652,545,640,611,428,692,387,680
635,723,667,611,528,489,728,493,511
479,626,514,506,493,785,420,578,611
389,513,422,482,480,448,539,649,614
479,700,511,489,543,548,520,581,601
473,671,597,553,562,647,443,458,349
461,618,680,551,505,431,541,593,549
742,599,639,621,751,671,650,597,452
720,574,599,519,537,493,582,494,634
405,533,476,469,452,597,682,514,389
444,474,538,479,496,599,504,464,334
607,643,507,497,506,527,567,657,527
524,598,526,550,505,429,550,429,611
781,551,527,590,577,832,661,707,532
575,602,578,475,605,652,514,534,447
667,582,565,572,395,319,436,615,597
583,409,667,629,589,713,486,542,453
678,582,632,562,558,491,508,628,626
428,483,466,564,530,541,521,532,509
618,726,442,526,551,732,517,714,488
451,535,522,515,609,653,489,535,698
375,471,537,416,459,579,572,687,420
636,473,322,397,763,265,373,590,449
587,618,687,510,448,474,589,462,604
574,613,604,350,493,578,437,497,423
543,609,520,500,519,523,544,644,451
526,825,604,639,586,556,610,447,776
396,451,481,487,475,809,465,422,445
535,518,423,450,449,645,492,498,542
446,497,502,454,444,501,453,563,478
755,623,807,749,778,721,669,487,798
495,598,608,535,495,453,569,489,566
498,537,371,432,489,371,413,478,563
489,548,510,498,610,529,503,316,624
529,531,509,559,519,501,525,734,608
813,645,783,772,564,581,691,678,771
451,459,396,377,496,556,537,433,543
618,658,638,689,570,559,520,545,663
636,708,555,536,473,618,478,665,645
455,434,450,433,479,556,369,384,411
629,516,523,521,468,537,463,584,545
595,514,481,536,323,800,453,557,317
479,405,559,360,406,453,480,400,343
517,595,538,497,510,677,422,624,538
639,618,797,764,580,402,559,688,783
476,415,490,436,397,544,332,469,502
545,608,728,532,555,516,613,630,652
671,700,564,541,471,622,666,422,605
524,417,491,673,499,602,565,730,517
527,496,477,533,493,476,670,502,405
417,464,478,601,460,493,501,681,483
443,419,377,511,517,789,496,434,480
659,572,587,717,699,1007,605,471,634
494,496,561,598,427,490,444,490,515
498,609,570,617,661,571,594,305,700
568,690,626,620,512,324,595,535,630
768,700,450,665,483,680,533,531,610
818,544,701,706,907,775,688,653,801
725,618,516,681,387,798,643,662,564
506,551,671,511,510,421,597,549,679
547,502,648,542,485,525,418,497,455
490,620,573,540,547,505,672,825,487
462,582,521,537,371,441,556,624,481
595,594,516,659,379,460,607,557,475
667,455,454,450,507,666,507,615,512
558,606,446,683,552,564,615,527,576
403,387,401,429,443,525,295,322,361
647,523,595,654,435,491,617,404,493
803,660,582,589,650,460,502,502,537
357,525,411,407,485,485,480,428,399
520,541,607,530,393,432,532,649,377
622,553,481,488,686,478,543,516,559
531,660,665,447,673,596,632,439,444
696,553,739,654,717,652,649,713,665
549,631,607,630,578,553,501,518,587
450,480,503,502,462,610,581,413,563
787,625,511,621,562,504,579,480,580
481,566,455,402,414,472,584,512,732
542,472,633,561,619,721,611,514,369
462,572,708,722,551,449,628,612,600
631,560,406,543,561,462,534,480,609
536,486,550,482,538,533,323,505,512
552,598,663,531,739,567,461,492,747
475,439,401,533,406,542,536,460,675
504,529,566,533,494,569,477,477,541
722,577,673,618,678,603,578,622,725
682,531,591,597,540,468,370,464,678
448,450,563,556,571,636,540,638,486
485,527,472,509,416,575,331,339,359
692,734,745,668,602,471,561,686,670
562,521,695,561,462,345,426,491,641
795,594,582,570,689,516,531,665,563
699,462,520,613,605,487,556,413,579
526,561,743,717,560,684,660,435,647
608,326,413,478,474,380,403,402,447
631,559,757,632,527,334,446,584,529
691,426,254,469,384,444,495,634,303
506,640,709,546,573,500,485,630,516
702,688,606,571,572,631,496,711,598
439,576,493,490,366,382,568,403,454
550,621,571,535,432,656,515,479,576
662,672,554,558,561,506,488,725,745
466,652,500,446,460,574,492,615,586
415,438,531,609,568,902,554,456,359
588,551,645,671,697,520,555,556,610
499,626,484,624,436,492,395,542,521
619,556,660,664,437,700,570,379,480
555,517,627,557,487,411,470,607,518
427,456,583,583,508,410,538,595,414
490,618,800,504,521,520,662,563,576
726,627,717,687,654,472,624,592,624
559,623,562,664,524,408,568,528,636
383,360,473,523,410,740,543,398,553
790,595,666,628,706,489,556,681,635
510,530,625,494,636,452,563,525,498
908,567,607,734,715,551,564,691,650
443,604,555,636,604,423,576,674,650
609,603,707,577,609,570,497,531,607
565,674,685,647,728,482,676,431,456
349,401,611,423,460,508,613,445,405
751,715,543,634,675,621,538,573,620
626,585,728,749,506,429,764,550,523
559,498,512,517,362,546,690,540,533
664,451,863,702,508,405,645,683,661
461,485,269,429,469,474,492,448,334
804,507,507,554,400,780,535,726,453
637,590,435,652,445,550,736,591,401
638,688,582,716,584,432,622,533,550
563,367,438,405,383,504,472,505,502
325,505,521,565,506,747,583,338,569
440,550,384,440,366,667,388,545,501
688,547,553,582,472,595,654,632,640
593,556,675,717,668,524,617,576,594
523,562,520,457,530,660,594,522,450
488,527,512,580,439,496,563,550,551
608,575,478,538,534,741,757,449,488
391,465,591,646,463,543,530,628,446
533,483,551,518,521,471,437,418,294
561,522,588,475,439,589,523,406,355
582,602,475,448,477,348,475,546,461
516,734,595,540,445,482,506,523,470
375,400,479,581,458,425,555,629,491
658,519,847,586,738,636,599,479,574
574,569,612,628,513,541,608,456,468
469,557,508,597,609,684,446,496,634
747,733,647,710,799,627,596,544,535
376,532,355,452,434,383,467,380,392
571,531,522,540,533,500,553,477,470
502,368,463,450,470,538,494,326,439
387,462,501,496,483,473,467,544,291
731,710,513,467,641,501,415,723,536
578,562,420,536,520,861,324,543,460
644,624,517,626,435,785,747,510,694
451,539,599,666,593,438,557,469,440
583,608,560,607,487,448,608,547,538
685,552,646,570,549,258,391,708,634
525,477,641,502,477,471,406,502,650
569,513,661,621,525,347,343,600,427
594,646,488,529,457,503,625,556,592
497,544,639,637,499,405,543,663,549
730,657,547,488,393,501,515,666,482
516,528,612,422,502,511,513,556,605
545,455,581,567,594,767,584,516,415
564,482,721,651,668,462,589,755,668
838,677,401,648,515,685,581,753,717
513,412,638,569,625,480,402,479,576
644,598,520,574,654,576,612,593,694
405,615,672,524,393,533,601,470,606
581,706,537,572,654,577,630,542,449
494,471,485,510,612,470,605,430,529
514,624,420,684,414,453,582,577,448
511,577,570,528,620,625,385,592,335
690,638,623,629,401,567,666,534,638
553,644,490,487,567,623,394,491,572
673,567,598,555,467,458,498,668,625
497,636,741,658,471,675,659,446,453
570,754,622,481,562,680,524,781,477
552,514,667,521,633,410,573,390,610
541,480,542,552,528,501,521,448,522
456,496,546,543,582,1028,595,485,537
717,456,517,545,516,700,589,655,491
377,529,578,505,430,493,425,413,468
706,690,634,608,549,575,644,603,769
703,550,672,646,626,718,594,569,484
501,673,570,510,541,352,541,562,680
639,809,761,592,598,521,566,688,748
549,585,613,520,632,506,566,680,491
574,486,560,520,644,446,628,630,678
450,488,794,647,671,509,497,775,754
545,703,408,580,608,270,650,516,673
540,547,552,514,391,580,595,604,546
546,538,481,576,445,630,565,501,580
541,393,624,605,485,420,550,664,546
608,643,772,557,501,448,595,426,667
746,599,509,403,522,467,670,441,592
474,528,508,395,561,444,499,419,560
667,613,657,626,843,515,613,693,675
602,489,640,590,624,643,603,643,502
646,719,527,598,502,450,514,640,532
554,603,636,595,541,487,584,672,799
517,363,481,502,592,516,464,743,592
430,581,558,555,721,512,623,412,583
597,390,342,503,526,513,387,580,387
515,646,579,582,534,283,697,492,485
412,589,641,467,565,441,662,566,468
500,555,497,499,435,429,511,504,482
375,456,425,522,313,458,486,534,478
408,634,465,535,529,887,629,440,489
677,606,631,664,637,631,569,623,786
457,405,485,464,463,540,261,463,416
598,658,566,604,657,409,647,685,575
532,524,601,517,373,482,578,565,451
486,553,666,533,632,498,466,406,523
487,652,498,516,427,525,612,469,611
707,697,565,544,507,664,581,647,674
754,589,551,611,557,511,691,685,525
478,446,575,507,547,500,566,550,368
485,642,653,567,428,716,714,480,573
405,548,648,453,492,400,514,533,376
496,606,521,481,565,494,382,591,546
538,467,467,622,374,602,544,511,690
471,537,629,530,706,501,459,471,536
528,553,716,690,698,507,667,712,727
517,588,685,607,562,455,639,506,572
692,634,380,488,348,441,311,635,697
449,491,411,571,555,476,560,625,577
499,497,464,509,483,328,606,552,556
487,398,509,482,520,478,464,398,409
571,619,638,643,590,471,636,537,647
627,646,531,520,548,530,522,520,600
704,518,507,540,462,426,567,481,441
701,690,568,612,420,554,589,654,548
572,559,521,721,546,351,708,538,699
634,555,579,515,443,611,533,522,766
607,530,482,486,502,519,557,340,525
449,495,480,467,581,541,520,389,496
512,527,595,478,608,417,497,457,623
464,593,543,471,499,472,424,595,551
362,442,522,523,476,977,432,580,539
465,463,598,537,627,579,630,645,603
627,527,709,583,555,496,593,527,701
536,575,663,579,513,468,543,688,564
626,531,680,531,735,373,598,557,503
476,534,438,467,579,531,425,527,494
485,502,559,612,563,544,353,663,703
466,464,579,511,443,480,569,525,506
687,662,351,527,582,551,668,631,396
685,601,557,550,452,640,439,651,593
531,671,542,543,462,551,621,745,528
579,516,553,481,469,604,448,544,492
459,483,429,469,635,674,441,525,466
499,614,475,502,591,633,461,460,598
501,465,551,549,496,630,591,677,559
613,551,489,486,549,405,352,571,576
499,708,634,570,502,548,420,461,393
528,564,564,543,520,362,485,672,606
561,652,534,519,510,463,497,580,545
473,543,549,561,488,473,551,537,644
615,582,630,720,555,649,681,573,699
543,592,511,556,555,425,476,593,476
508,692,517,627,514,593,460,486,749
494,590,528,585,633,615,464,475,534
525,500,569,529,424,538,552,494,539
642,545,465,517,591,471,470,595,579
441,584,795,544,568,423,449,537,451
596,611,789,574,481,530,647,493,484
478,506,472,541,494,511,487,638,593
616,692,562,557,644,687,645,574,697
551,612,423,557,671,795,672,521,506
540,531,626,553,489,484,535,501,495
503,432,477,368,574,365,341,568,511
642,636,718,449,561,609,568,577,649
699,576,529,494,485,569,511,598,523
491,465,643,690,480,532,529,509,468
679,610,432,509,423,567,526,549,730
503,484,492,549,592,433,449,555,443
514,648,484,627,522,772,506,492,518
665,563,502,535,515,641,544,613,420
508,670,570,596,497,730,478,426,342
673,535,574,548,630,529,397,569,700
511,558,506,570,560,495,604,662,424
617,539,652,602,508,514,496,652,581
607,618,486,486,480,449,478,528,497
368,464,474,450,513,511,526,303,520
562,520,529,503,488,314,449,530,484
514,559,570,652,596,505,519,485,647
575,566,526,556,542,506,521,422,598
575,675,583,636,621,492,684,547,714
499,485,766,624,456,423,462,751,724
592,644,591,596,703,597,537,636,654
637,628,579,507,522,484,393,441,543
632,637,613,564,643,420,651,587,701
594,579,661,610,511,460,499,556,683
508,657,626,519,454,405,410,686,418
512,605,616,538,505,471,559,547,496
479,702,500,762,553,881,683,463,736
579,571,422,507,400,286,639,509,535
404,563,505,476,562,362,411,352,387
762,637,555,621,453,505,651,692,607
419,622,566,433,480,611,563,537,436
478,574,517,482,511,289,480,645,618
649,725,605,399,819,285,550,600,459
571,457,633,546,511,475,411,608,532
501,580,704,565,468,432,486,688,630
684,517,623,571,562,426,538,634,707
676,483,495,680,720,575,602,576,718
519,504,521,514,503,611,582,393,441
437,637,686,556,452,411,441,636,560
552,662,565,537,475,536,521,550,603
598,540,712,505,589,484,509,650,690
536,450,726,539,453,582,474,479,524
628,597,553,552,445,941,622,586,650
572,514,554,561,526,497,587,569,623
470,339,518,454,503,265,443,451,432
671,511,640,553,668,528,521,686,621
633,690,577,615,628,451,554,661,518
498,495,472,427,380,759,472,497,502
485,504,607,684,440,595,685,551,589
693,564,518,552,461,446,574,640,421
647,665,897,617,597,497,555,577,455
545,630,586,529,486,535,523,560,482
625,545,680,607,456,427,457,654,445
620,532,509,523,565,537,601,657,796
614,599,606,637,603,471,610,572,662
591,561,552,523,396,459,586,468,564
586,366,417,541,536,309,514,274,533
630,740,525,497,551,526,535,617,692
803,503,594,607,504,526,594,601,923
452,454,491,619,426,439,600,441,568
528,518,605,597,540,525,615,468,478
482,516,450,431,362,559,459,524,515
492,399,287,342,506,355,378,345,447
516,597,779,638,721,562,693,492,650
648,600,631,504,570,480,640,470,506
551,390,636,487,476,402,617,526,363
678,773,595,529,482,488,571,589,553
494,574,484,424,504,475,375,671,412
459,519,490,565,604,630,553,459,542
512,614,493,583,524,412,520,444,509
582,534,565,547,623,606,609,595,461
449,646,548,542,597,578,670,577,508
555,554,526,543,511,425,678,555,560
484,500,463,436,530,565,360,470,504
601,432,512,663,487,746,600,658,649
592,674,717,627,502,366,618,592,580
744,702,754,641,634,720,598,677,717
383,631,634,465,434,525,501,395,540
644,566,660,709,568,567,668,510,647
504,601,617,600,587,634,563,481,430
646,539,684,635,673,500,627,471,649
742,600,542,546,576,554,508,542,821
792,634,714,638,740,450,691,591,536
607,627,734,729,651,505,520,661,638
368,527,544,516,622,521,523,710,665
499,547,686,549,578,358,591,459,475
684,480,646,679,566,731,567,629,592
489,550,573,599,706,563,629,657,630
548,488,515,617,458,632,460,664,363
452,686,660,610,570,467,619,547,546
667,653,650,701,526,590,707,615,727
457,453,386,382,427,398,400,397,387
701,531,504,574,558,427,637,536,657
816,838,754,669,847,671,520,661,868
466,556,455,518,474,505,601,452,404
449,458,506,506,598,514,465,427,601
448,475,464,596,658,371,638,438,501
658,526,550,649,472,770,428,608,440
828,734,744,747,870,638,715,746,531
676,623,629,663,582,299,595,642,777
550,554,504,545,544,474,469,658,563
629,675,572,505,629,573,598,561,486
603,511,540,511,345,461,599,520,446
668,669,530,502,823,484,431,632,624
533,696,804,528,733,528,572,590,754
836,688,524,656,643,681,662,579,862
471,499,500,501,517,437,498,622,546
436,653,514,518,338,434,449,389,309
562,590,382,343,482,480,400,551,705
421,596,501,540,700,452,659,416,469
678,518,558,573,503,453,588,532,617
474,450,444,585,508,544,444,555,441
411,540,605,569,645,411,593,377,586
526,628,566,581,540,676,546,470,413
476,400,722,553,376,228,592,566,616
477,544,438,606,550,443,565,461,478
516,515,765,471,366,398,434,517,492
736,496,751,813,676,571,665,692,607
609,472,428,530,536,665,383,568,494
527,615,670,578,659,537,401,463,592
430,526,583,595,600,553,652,598,531
764,533,542,443,528,594,503,667,727
581,472,537,654,750,582,677,545,380
391,590,587,475,489,557,517,489,509
332,631,330,478,591,282,662,344,718
564,610,580,613,631,446,448,648,672
479,322,344,334,446,527,350,288,641
558,535,526,677,593,645,557,340,486
526,589,436,575,429,414,550,501,567
570,590,766,587,705,673,455,570,676
379,516,512,441,483,471,435,624,581
487,451,589,556,482,432,535,413,498
512,563,517,593,511,549,522,684,508
603,751,654,695,631,577,618,579,650
645,509,522,464,517,520,537,535,548
512,620,549,616,585,574,565,664,557
490,549,643,521,531,501,551,511,538
629,622,626,658,527,409,618,584,637
485,650,641,676,624,678,588,516,584
507,499,625,604,603,636,331,658,569
497,631,557,505,368,356,597,651,507
708,720,783,585,545,713,497,726,812
473,406,474,405,523,645,264,441,586
438,419,445,448,610,714,495,510,422
601,557,645,652,733,562,514,605,786
469,614,562,542,475,491,550,492,448
513,684,638,651,461,579,496,517,556
717,576,546,554,412,387,544,510,655
788,534,480,432,450,412,455,531,820
525,697,601,502,701,662,433,698,668
362,475,575,520,506,610,637,562,535
638,501,744,499,538,553,495,351,560
608,556,595,581,699,821,710,643,528
586,602,531,556,424,627,482,528,802
439,275,429,316,511,588,594,560,626
410,724,816,599,488,659,444,670,839
507,435,500,548,497,533,471,513,534
493,693,473,630,473,459,630,474,628
495,423,601,549,459,455,523,536,532
471,568,415,465,542,511,493,539,425
530,557,697,505,493,675,628,630,619
682,647,634,551,652,465,422,614,662
692,491,508,647,416,433,540,533,493
553,402,673,502,596,349,478,476,463
512,497,463,644,585,556,624,490,561
568,648,629,646,492,634,586,585,513
332,389,275,370,438,405,508,344,500
639,484,485,492,470,575,612,861,745
584,478,450,568,661,600,583,548,460
575,562,591,624,542,525,543,588,520
513,651,465,459,415,622,425,688,621
660,500,512,550,521,626,492,609,419
599,420,491,519,458,434,392,560,564
697,602,535,510,526,575,573,561,476
444,447,465,583,554,509,492,469,545
678,593,619,522,556,658,385,619,527
584,544,453,542,520,810,653,563,634
426,442,525,414,517,406,360,428,601
502,509,468,443,568,597,490,622,622
585,688,446,501,632,566,400,549,615
514,417,398,424,452,524,446,727,514
547,509,529,558,629,457,466,432,551
626,410,490,563,532,552,561,582,488
569,519,586,541,600,553,564,650,617
507,581,598,502,537,355,552,461,510
568,450,582,512,478,444,526,400,426
433,656,628,579,627,497,622,590,476
438,445,616,533,590,448,520,448,586
577,580,750,566,432,553,467,565,694
435,530,566,513,420,488,549,441,485
545,451,602,563,454,470,533,454,537
666,505,673,497,681,647,543,479,635
655,619,627,613,640,671,740,667,862
428,417,618,621,565,667,484,440,401
715,647,561,627,479,619,470,667,442
552,662,399,515,516,553,486,568,611
605,503,648,572,522,483,545,507,556
527,620,795,629,517,563,370,649,591
604,479,387,423,304,378,428,564,559
375,445,562,513,383,458,512,404,505
666,645,451,527,574,566,516,614,527
505,441,595,654,679,584,574,653,555
496,586,584,630,499,460,574,676,588
657,699,647,570,520,457,615,450,542
554,600,478,567,512,535,482,446,396
640,527,502,473,563,436,501,616,603
599,631,667,712,686,613,641,532,545
440,494,487,525,368,446,586,431,614
515,469,553,582,599,550,484,553,620
525,396,403,376,410,417,396,484,245
584,463,471,649,468,731,532,548,418
603,466,384,457,556,476,406,563,424
602,418,487,602,550,626,664,648,464
551,603,749,549,642,522,548,468,770
661,598,590,482,524,474,582,488,690
450,446,442,463,431,367,576,434,388
673,535,759,657,661,408,480,559,607
499,455,450,472,349,418,422,501,495
593,385,502,492,497,427,465,587,464
527,696,650,703,406,550,441,510,745
575,420,723,650,690,386,639,422,421
653,600,530,606,581,492,453,414,592
577,658,490,621,538,956,528,542,715
674,723,605,660,592,549,591,737,716
550,593,720,587,511,525,618,476,508
563,518,464,527,385,416,617,643,478
556,652,690,455,523,358,566,575,430
657,629,636,621,766,555,672,607,696
521,586,562,766,334,728,705,497,669
778,717,609,752,727,625,719,514,615
652,716,702,640,675,495,471,570,561
560,726,655,621,501,353,610,577,675
624,610,797,593,552,477,462,597,629
517,575,458,516,585,652,697,494,413
641,538,729,635,550,523,747,570,626
552,470,434,586,582,423,519,649,660
317,485,432,450,497,700,461,332,512
534,532,546,536,562,666,514,673,457
452,481,550,464,340,415,406,456,484
576,610,532,564,458,445,478,583,515
676,616,595,581,642,556,595,502,642
734,631,393,518,333,555,533,663,736
545,568,589,542,567,523,513,593,443
356,600,474,462,486,636,630,499,583
547,420,633,485,500,346,472,480,466
550,591,662,519,709,541,526,553,522
487,414,606,522,403,413,610,545,453
588,332,558,535,493,577,505,519,493
653,634,582,609,580,673,592,602,585
324,382,530,500,447,542,402,407,356
539,550,694,540,498,408,617,702,381
525,461,615,467,423,486,326,537,586
449,466,416,567,596,558,547,608,542
403,499,522,494,556,614,550,472,545
849,615,572,627,566,603,563,694,648
549,519,562,422,404,640,465,756,584
407,659,598,642,341,431,530,661,539
481,545,481,571,454,555,631,438,608
541,569,577,587,541,421,562,749,496
482,475,537,597,500,423,578,530,623
651,582,529,695,475,544,576,476,518
660,596,478,510,444,607,612,609,495
516,594,578,511,469,681,511,497,537
568,617,656,625,661,507,553,611,487
440,475,619,561,321,566,554,593,539
551,550,596,426,621,429,416,478,492
388,623,594,450,466,436,437,490,460
489,559,716,592,746,538,569,639,562
534,642,664,521,645,682,570,693,546
742,756,587,724,689,477,677,559,657
628,616,535,567,340,734,523,583,628
451,384,417,546,541,490,535,350,472
484,663,594,549,357,609,554,467,473
445,477,513,521,511,672,567,521,507
438,375,458,524,485,484,435,441,475
681,494,698,581,604,674,585,344,625
576,627,643,598,521,446,659,523,666
661,593,507,562,635,363,535,630,609
432,728,542,442,579,671,679,539,637
448,427,539,448,545,557,401,576,632
387,287,583,622,461,559,417,542,662
459,465,496,564,486,542,474,635,551
563,468,595,784,781,485,697,531,431
650,510,756,454,534,621,595,313,493
409,530,424,426,407,428,458,547,563
532,733,810,620,478,423,509,475,496
739,599,596,724,530,721,650,673,718
409,682,452,538,561,531,500,618,646
434,531,611,551,540,521,512,581,385
501,562,600,618,650,891,539,481,672
564,579,633,578,577,541,564,327,440
208,614,629,627,503,285,628,629,746
445,523,580,418,548,533,358,571,543
514,507,459,513,468,458,567,593,525
